{
"type": "FeatureCollection",
"name": "tuxtla_poblacion_corregido",
"crs": { "type": "name", "properties": { "name": "urn:ogc:def:crs:OGC:1.3:CRS84" } },
"features": [
{ "type": "Feature", "properties": { "colonia_final": "12 De Noviembre" }, "geometry": { "type": "Polygon", "coordinates": [ [ [ -93.111401379999961, 16.777114400000087 ], [ -93.114300169999979, 16.777696520000095 ], [ -93.114233089999971, 16.778666150000049 ], [ -93.114227149999977, 16.778721740000048 ], [ -93.112542719999965, 16.782706230000084 ], [ -93.11047377999995, 16.781938780000058 ], [ -93.110946719999959, 16.778372980000018 ], [ -93.111236103, 16.777531238000012 ], [ -93.11135796, 16.777176799000106 ], [ -93.111401379999961, 16.777114400000087 ] ] ] } },
{ "type": "Feature", "properties": { "colonia_final": "13 De Julio" }, "geometry": { "type": "Polygon", "coordinates": [ [ [ -93.07600196999995, 16.752509430000032 ], [ -93.076825779999979, 16.752639980000041 ], [ -93.076975489999938, 16.752802550000091 ], [ -93.076941229999989, 16.753222570000055 ], [ -93.076907193, 16.753639339000092 ], [ -93.076887819999968, 16.753876320000042 ], [ -93.076738121999895, 16.753883255000094 ], [ -93.076262859999986, 16.753905220000064 ], [ -93.075739709999937, 16.753929370000069 ], [ -93.075627352, 16.753934554000082 ], [ -93.075552011, 16.753938029000011 ], [ -93.075411316, 16.753944517 ], [ -93.073931629999962, 16.754012740000068 ], [ -93.073695369999939, 16.752725220000055 ], [ -93.074187449999954, 16.752673320000049 ], [ -93.07600196999995, 16.752509430000032 ] ] ] } },
{ "type": "Feature", "properties": { "colonia_final": "15 De Mayo" }, "geometry": { "type": "Polygon", "coordinates": [ [ [ -93.086744548999903, 16.73889596 ], [ -93.087092491, 16.738901175000013 ], [ -93.088212779999935, 16.738936350000067 ], [ -93.08819804999996, 16.739021800000053 ], [ -93.087991229999943, 16.740026200000013 ], [ -93.087963739999964, 16.74015637000003 ], [ -93.086744429999953, 16.740107020000018 ], [ -93.086400119999951, 16.739740260000104 ], [ -93.086394349999978, 16.739643350000076 ], [ -93.086359455, 16.73903446 ], [ -93.086354179999958, 16.738898720000076 ], [ -93.086593489999984, 16.738897020000032 ], [ -93.086655579999956, 16.738896580000084 ], [ -93.086744548999903, 16.73889596 ] ] ] } },
{ "type": "Feature", "properties": { "colonia_final": "17 De Mayo" }, "geometry": { "type": "Polygon", "coordinates": [ [ [ -93.101441479999949, 16.788221800000052 ], [ -93.101424089999966, 16.788688250000046 ], [ -93.101414302, 16.788859284000111 ], [ -93.101410303, 16.788929115 ], [ -93.101402258999897, 16.789037274000087 ], [ -93.101390071, 16.789150962000107 ], [ -93.101373775999903, 16.789302957000118 ], [ -93.101370089999989, 16.789337320000097 ], [ -93.10040964999996, 16.78943685000009 ], [ -93.100343466, 16.789428160000075 ], [ -93.09985525, 16.789364050000142 ], [ -93.099110799999949, 16.78926629000005 ], [ -93.099176229999955, 16.788944 ], [ -93.099219513, 16.788896724000029 ], [ -93.099269715, 16.788841893000022 ], [ -93.099374645999902, 16.788727290999987 ], [ -93.099679229999936, 16.788502850000047 ], [ -93.100119649999954, 16.788409340000037 ], [ -93.101085199999943, 16.788269690000067 ], [ -93.101441479999949, 16.788221800000052 ] ] ] } },
{ "type": "Feature", "properties": { "colonia_final": "2 De Febrero" }, "geometry": { "type": "Polygon", "coordinates": [ [ [ -93.115313479999941, 16.730908920000054 ], [ -93.116014636, 16.730982391000165 ], [ -93.11607642, 16.73098887 ], [ -93.116112449999946, 16.730992650000093 ], [ -93.115863149999939, 16.73264182 ], [ -93.115824649999979, 16.732883380000025 ], [ -93.115128339999956, 16.732385950000047 ], [ -93.115035549999959, 16.732238020000082 ], [ -93.115003302, 16.732120339000105 ], [ -93.115254457, 16.731136781000021 ], [ -93.115293687000019, 16.730985315000115 ], [ -93.115313479999941, 16.730908920000054 ] ] ] } },
{ "type": "Feature", "properties": { "colonia_final": "24 De Junio" }, "geometry": { "type": "Polygon", "coordinates": [ [ [ -93.093600049999964, 16.764821910000038 ], [ -93.09540408, 16.765852690000028 ], [ -93.096261739999989, 16.766515820000063 ], [ -93.096980119999955, 16.767087600000039 ], [ -93.097697179999955, 16.767668060000073 ], [ -93.097668739, 16.767900745000119 ], [ -93.09676774999997, 16.771597020000065 ], [ -93.096101079999983, 16.772312710000065 ], [ -93.096055539999952, 16.772337940000057 ], [ -93.095454289999964, 16.772248510000065 ], [ -93.095061648999945, 16.77217598000006 ], [ -93.091816629999983, 16.771313780000096 ], [ -93.092985229999968, 16.766486220000065 ], [ -93.093198614999906, 16.765675895000076 ], [ -93.093462406, 16.765114709000017 ], [ -93.093600049999964, 16.764821910000038 ] ] ] } },
{ "type": "Feature", "properties": { "colonia_final": "24 De Mayo" }, "geometry": { "type": "Polygon", "coordinates": [ [ [ -93.10280070999994, 16.781287830000039 ], [ -93.102892762, 16.781296146 ], [ -93.104193259999988, 16.781413690000022 ], [ -93.10419325700002, 16.781413694 ], [ -93.103320649999944, 16.782280320000059 ], [ -93.102681349999955, 16.782179750000065 ], [ -93.102715, 16.78191323 ], [ -93.10280070999994, 16.781287830000039 ] ] ] } },
{ "type": "Feature", "properties": { "colonia_final": "27 De Febrero" }, "geometry": { "type": "Polygon", "coordinates": [ [ [ -93.065403739999965, 16.759424020000083 ], [ -93.065945509999949, 16.759458460000101 ], [ -93.065990909999982, 16.759971720000056 ], [ -93.065998526, 16.760065893000021 ], [ -93.066059013, 16.760813952000017 ], [ -93.066067799999985, 16.760922690000033 ], [ -93.066071219999969, 16.761001880000038 ], [ -93.066120309999974, 16.762146920000134 ], [ -93.06574293999995, 16.762186180000093 ], [ -93.065631659999951, 16.762192920000057 ], [ -93.063668419999942, 16.762299220000067 ], [ -93.063458129999901, 16.762306262000038 ], [ -93.063336909999975, 16.762310320000044 ], [ -93.063018459999967, 16.762319820000091 ], [ -93.062958736, 16.76231584300011 ], [ -93.062913349999974, 16.762312820000048 ], [ -93.062047749999977, 16.760969490000075 ], [ -93.061406739999939, 16.75995097000002 ], [ -93.061487539999973, 16.759816450000091 ], [ -93.06151902, 16.759767400000065 ], [ -93.062127549999957, 16.759528430000039 ], [ -93.065403739999965, 16.759424020000083 ] ] ] } },
{ "type": "Feature", "properties": { "colonia_final": "3 De Mayo" }, "geometry": { "type": "Polygon", "coordinates": [ [ [ -93.102422578999949, 16.787671781000054 ], [ -93.102277088999983, 16.788993740000045 ], [ -93.101839265, 16.788939190000121 ], [ -93.101501619999965, 16.788897121000087 ], [ -93.101491649999957, 16.788520710000068 ], [ -93.101509275999902, 16.788356213 ], [ -93.101534689999937, 16.788119140000052 ], [ -93.102422578999949, 16.787671781000054 ] ] ] } },
{ "type": "Feature", "properties": { "colonia_final": "5 Plumas" }, "geometry": { "type": "Polygon", "coordinates": [ [ [ -93.171635119999976, 16.759334400000053 ], [ -93.172217399999965, 16.762228260000029 ], [ -93.17201321999994, 16.764115750000016 ], [ -93.171904719999986, 16.764189740000056 ], [ -93.170724569999948, 16.761910310000104 ], [ -93.171635119999976, 16.759334400000053 ] ] ] } },
{ "type": "Feature", "properties": { "colonia_final": "6 De Junio (Jardines Del Oriente)" }, "geometry": { "type": "Polygon", "coordinates": [ [ [ -93.069984448999946, 16.730745851000041 ], [ -93.071053449999965, 16.73097120000007 ], [ -93.070967633, 16.731916948000013 ], [ -93.070809769999983, 16.732383830000064 ], [ -93.070784177999897, 16.732379582000011 ], [ -93.070572309999989, 16.732315850000084 ], [ -93.07046497, 16.732273571000057 ], [ -93.070405563999898, 16.73224964700006 ], [ -93.070166952, 16.732153534000105 ], [ -93.069849168999951, 16.731996910000106 ], [ -93.069856474999895, 16.731916383 ], [ -93.069866158, 16.731809763000086 ], [ -93.069965128, 16.730919621000108 ], [ -93.069980423999894, 16.730782050000126 ], [ -93.069984448999946, 16.730745851000041 ] ] ] } },
{ "type": "Feature", "properties": { "colonia_final": "6 De Junio Primera Sección" }, "geometry": { "type": "Polygon", "coordinates": [ [ [ -93.066302399999984, 16.72828492 ], [ -93.072528569999974, 16.730205380000047 ], [ -93.072824349999962, 16.731453060000032 ], [ -93.073096170999975, 16.73306653200007 ], [ -93.072291628999949, 16.733034650000079 ], [ -93.07220542, 16.733025370000068 ], [ -93.071757498999915, 16.732931322000098 ], [ -93.067733459999943, 16.73095577000003 ], [ -93.067335456, 16.730678708000035 ], [ -93.066137248999951, 16.729770680000055 ], [ -93.066222829999958, 16.728307091000019 ], [ -93.066302399999984, 16.72828492 ] ] ] } },
{ "type": "Feature", "properties": { "colonia_final": "6 De Junio Segunda Sección" }, "geometry": { "type": "Polygon", "coordinates": [ [ [ -93.072829429999956, 16.727750371000084 ], [ -93.07577883, 16.728070090000067 ], [ -93.075714219999952, 16.728614140000062 ], [ -93.07539848, 16.730820230000063 ], [ -93.07333559999995, 16.730345570000058 ], [ -93.072337319999974, 16.730098600000105 ], [ -93.072385459999964, 16.729581860000053 ], [ -93.072387418999895, 16.729564901000121 ], [ -93.072410632, 16.729364415000113 ], [ -93.072417201, 16.729307683000116 ], [ -93.072429399999976, 16.729202350000048 ], [ -93.072439889999941, 16.729142600000038 ], [ -93.072557769999946, 16.728547830000029 ], [ -93.072691449999979, 16.728035320000057 ], [ -93.072829429999956, 16.727750371000084 ] ] ] } },
{ "type": "Feature", "properties": { "colonia_final": "6 De Junio Tercera Sección" }, "geometry": { "type": "Polygon", "coordinates": [ [ [ -93.072075, 16.724964180000047 ], [ -93.07657820299994, 16.725840612000084 ], [ -93.072255139999982, 16.730063720000025 ], [ -93.07216168, 16.730053197000128 ], [ -93.071788769999955, 16.730011180000069 ], [ -93.071169379999958, 16.729903480000079 ], [ -93.070704603, 16.729821420000118 ], [ -93.070640429999969, 16.729810080000053 ], [ -93.068428109999957, 16.729255060000096 ], [ -93.065488767999966, 16.728507823000015 ], [ -93.06545063, 16.727629601000054 ], [ -93.065462309999987, 16.726827940000096 ], [ -93.068409848999977, 16.72573094000003 ], [ -93.072075, 16.724964180000047 ] ] ] } },
{ "type": "Feature", "properties": { "colonia_final": "7 De Abril" }, "geometry": { "type": "Polygon", "coordinates": [ [ [ -93.116664029999981, 16.726314200000068 ], [ -93.117411262999951, 16.726465842000049 ], [ -93.117749851999974, 16.726741586000088 ], [ -93.117716064, 16.726997244000074 ], [ -93.117606721, 16.72727597199998 ], [ -93.116136229999938, 16.730927890000039 ], [ -93.116040612999896, 16.730917707000078 ], [ -93.115898952, 16.730902613000097 ], [ -93.115304229999936, 16.730839230000079 ], [ -93.115039399999958, 16.730809180000051 ], [ -93.114666769999985, 16.730369520000071 ], [ -93.114678119999951, 16.730059010000044 ], [ -93.11551209, 16.728273170000048 ], [ -93.116664029999981, 16.726314200000068 ] ] ] } },
{ "type": "Feature", "properties": { "colonia_final": "Acacia" }, "geometry": { "type": "Polygon", "coordinates": [ [ [ -93.169058458999984, 16.742993381000087 ], [ -93.16914044899994, 16.745220381000046 ], [ -93.167901854999968, 16.745038434000033 ], [ -93.167876738999951, 16.743461831000015 ], [ -93.168003019999958, 16.743271030000088 ], [ -93.169058458999984, 16.742993381000087 ] ] ] } },
{ "type": "Feature", "properties": { "colonia_final": "Adonahí" }, "geometry": { "type": "Polygon", "coordinates": [ [ [ -93.114606459999948, 16.775850080000072 ], [ -93.115524539999967, 16.77614895000006 ], [ -93.116067399999977, 16.776325740000093 ], [ -93.116890979999937, 16.776599090000062 ], [ -93.118805749999979, 16.777279600000021 ], [ -93.118659879999939, 16.77808666000006 ], [ -93.118640879999987, 16.778180230000096 ], [ -93.118610279999984, 16.778308980000073 ], [ -93.11839903, 16.779197780000054 ], [ -93.118279394, 16.779546810000102 ], [ -93.117975079999951, 16.780181950000056 ], [ -93.114601944999905, 16.778842804000085 ], [ -93.11458062, 16.778831740000118 ], [ -93.114500200999899, 16.778789992 ], [ -93.114335579999988, 16.77870452000009 ], [ -93.114335403000013, 16.778407001000087 ], [ -93.114335492999899, 16.778352054999988 ], [ -93.114353779999988, 16.777772430000034 ], [ -93.114439779999941, 16.776605250000031 ], [ -93.114606459999948, 16.775850080000072 ] ] ] } },
{ "type": "Feature", "properties": { "colonia_final": "Agripino Gutiérrez" }, "geometry": { "type": "Polygon", "coordinates": [ [ [ -93.099773879999987, 16.780961450000053 ], [ -93.10082522, 16.781098620000019 ], [ -93.100789397, 16.781526963000022 ], [ -93.100780734999901, 16.781630536000012 ], [ -93.100758819999953, 16.781892510000052 ], [ -93.100616509999952, 16.783211380000076 ], [ -93.100473549999947, 16.783849120000063 ], [ -93.099088379999955, 16.784060050000065 ], [ -93.097687, 16.783808370000038 ], [ -93.097707599999978, 16.78373946000006 ], [ -93.099773879999987, 16.780961450000053 ] ] ] } },
{ "type": "Feature", "properties": { "colonia_final": "Agua Azul" }, "geometry": { "type": "Polygon", "coordinates": [ [ [ -93.114654619999953, 16.735608170000063 ], [ -93.11475613999994, 16.735630260000079 ], [ -93.115416229999937, 16.735780140000053 ], [ -93.114955279999947, 16.737921720000038 ], [ -93.101450749999984, 16.787880490000088 ], [ -93.101384029999977, 16.788001170000033 ], [ -93.099212719999969, 16.78855457000002 ], [ -93.095395477, 16.787750818000109 ], [ -93.095348385, 16.787737447999984 ], [ -93.095229149999966, 16.787681380000066 ], [ -93.098247909999941, 16.765920980000043 ], [ -93.098536689999946, 16.764915420000051 ], [ -93.113930339999982, 16.735715970000065 ], [ -93.114654619999953, 16.735608170000063 ] ] ] } },
{ "type": "Feature", "properties": { "colonia_final": "Aires Del Oriente" }, "geometry": { "type": "Polygon", "coordinates": [ [ [ -93.072528569999974, 16.730205380000047 ], [ -93.07539848, 16.730820230000063 ], [ -93.075374522999894, 16.731999123000026 ], [ -93.075337131999959, 16.733208199000053 ], [ -93.075273511999967, 16.733216600000066 ], [ -93.073096170999975, 16.73306653200007 ], [ -93.072716998, 16.73287987 ], [ -93.072528569999974, 16.730205380000047 ] ] ] } },
{ "type": "Feature", "properties": { "colonia_final": "Albania Alta" }, "geometry": { "type": "Polygon", "coordinates": [ [ [ -93.107550879999977, 16.768703720000062 ], [ -93.108676789999905, 16.768796896 ], [ -93.108786967999905, 16.768808331000074 ], [ -93.109130117999896, 16.76884609000011 ], [ -93.10943961, 16.768880150000019 ], [ -93.109502029999987, 16.768887020000037 ], [ -93.114553309999962, 16.775784380000069 ], [ -93.114367879999975, 16.776534520000059 ], [ -93.110422939999978, 16.781929600000055 ], [ -93.107202169999937, 16.781104740000043 ], [ -93.106375199999945, 16.779932120000055 ], [ -93.106372619999945, 16.779859280000071 ], [ -93.106580612, 16.77312001100011 ], [ -93.106588062999904, 16.773056791 ], [ -93.106596468, 16.773011718000088 ], [ -93.106635679999954, 16.772801460000043 ], [ -93.107438413, 16.76918030700002 ], [ -93.107488539999963, 16.76896763000012 ], [ -93.107500821, 16.768915613000118 ], [ -93.107534057, 16.768774916 ], [ -93.107545661, 16.768725795 ], [ -93.107550879999977, 16.768703720000062 ] ] ] } },
{ "type": "Feature", "properties": { "colonia_final": "Albania Baja" }, "geometry": { "type": "Polygon", "coordinates": [ [ [ -93.103649139999959, 16.769069030000058 ], [ -93.10419103, 16.769087830000061 ], [ -93.10727891, 16.769458050000022 ], [ -93.106804154999907, 16.776991624000093 ], [ -93.106767463, 16.77730726 ], [ -93.106756676, 16.777380091000101 ], [ -93.106746253, 16.77744571200002 ], [ -93.106735911, 16.777510822000107 ], [ -93.106601109999986, 16.778305320000094 ], [ -93.106497219999937, 16.778790620000041 ], [ -93.105922419999956, 16.778708020000085 ], [ -93.102270289999979, 16.777695430000051 ], [ -93.102106319999962, 16.777624020000065 ], [ -93.101862041999894, 16.777448358000122 ], [ -93.101583843999904, 16.777244063000126 ], [ -93.101457489999973, 16.77699398000005 ], [ -93.101597969999943, 16.776334920000057 ], [ -93.10342309, 16.769584770000073 ], [ -93.103649139999959, 16.769069030000058 ] ] ] } },
{ "type": "Feature", "properties": { "colonia_final": "Alborada" }, "geometry": { "type": "Polygon", "coordinates": [ [ [ -93.15235322999996, 16.762333290000075 ], [ -93.152588741, 16.76241879300008 ], [ -93.153291799999977, 16.76267405000004 ], [ -93.153053909999983, 16.763573290000085 ], [ -93.152791689999958, 16.764564170000046 ], [ -93.15201288999998, 16.764436110000094 ], [ -93.152061289999949, 16.764070600000025 ], [ -93.152187779999963, 16.763240920000058 ], [ -93.15235322999996, 16.762333290000075 ] ] ] } },
{ "type": "Feature", "properties": { "colonia_final": "Alfonso Guillén" }, "geometry": { "type": "Polygon", "coordinates": [ [ [ -93.08002508, 16.735978120000027 ], [ -93.079955149999989, 16.737122060000029 ], [ -93.079936685, 16.737379653000119 ], [ -93.079927829999974, 16.737503060000055 ], [ -93.079907, 16.737559620000074 ], [ -93.078955169999972, 16.737844060000054 ], [ -93.078873279999982, 16.737800320000115 ], [ -93.078850749999958, 16.736378820000024 ], [ -93.0789074, 16.73606282 ], [ -93.079011872, 16.736054896000031 ], [ -93.08002508, 16.735978120000027 ] ] ] } },
{ "type": "Feature", "properties": { "colonia_final": "Alianza Laborante" }, "geometry": { "type": "Polygon", "coordinates": [ [ [ -93.208586199999957, 16.704178030000037 ], [ -93.210059889999968, 16.705726680000051 ], [ -93.210097025999971, 16.705789561000081 ], [ -93.210119461999966, 16.706387486000015 ], [ -93.210073122999972, 16.706448515000055 ], [ -93.205951912999979, 16.71056334400005 ], [ -93.205869401999962, 16.710623206000051 ], [ -93.20496652199995, 16.710726096000037 ], [ -93.204928892999988, 16.710685916000042 ], [ -93.204494400999977, 16.710209847000051 ], [ -93.203963872999964, 16.709577534000058 ], [ -93.204016112999966, 16.708709155000079 ], [ -93.207643659999974, 16.705100850000086 ], [ -93.208243049999965, 16.704507420000031 ], [ -93.208586199999957, 16.704178030000037 ] ] ] } },
{ "type": "Feature", "properties": { "colonia_final": "Alta Vista" }, "geometry": { "type": "Polygon", "coordinates": [ [ [ -93.124690149999935, 16.761326230000016 ], [ -93.124531463, 16.762153526000091 ], [ -93.124486679999961, 16.762386980000045 ], [ -93.124620733, 16.761687985000016 ], [ -93.124690149999935, 16.761326230000016 ] ] ] } },
{ "type": "Feature", "properties": { "colonia_final": "Altos Del Norte" }, "geometry": { "type": "Polygon", "coordinates": [ [ [ -93.097299599999985, 16.784759580000074 ], [ -93.10043742, 16.78477914000009 ], [ -93.101263089999989, 16.786099450000044 ], [ -93.100262629999975, 16.786023510000074 ], [ -93.096865549999976, 16.785632400000047 ], [ -93.096747249999964, 16.785104980000018 ], [ -93.096795429999986, 16.785024950000057 ], [ -93.097299599999985, 16.784759580000074 ] ] ] } },
{ "type": "Feature", "properties": { "colonia_final": "Altos Del Sur" }, "geometry": { "type": "Polygon", "coordinates": [ [ [ -93.118254547999982, 16.726444953000073 ], [ -93.120134609, 16.727033740000042 ], [ -93.119534459999954, 16.728582571000086 ], [ -93.117557875999978, 16.72816314800005 ], [ -93.117319984999938, 16.728092904000075 ], [ -93.117749851999974, 16.726741586000088 ], [ -93.118254547999982, 16.726444953000073 ] ] ] } },
{ "type": "Feature", "properties": { "colonia_final": "Amarantos" }, "geometry": { "type": "Polygon", "coordinates": [ [ [ -93.096312979999936, 16.776504110000133 ], [ -93.096497049999982, 16.776527630000047 ], [ -93.097321909999948, 16.776638720000076 ], [ -93.097635049999951, 16.776685520000065 ], [ -93.097567829999903, 16.777235460000103 ], [ -93.097554579999894, 16.777338920000016 ], [ -93.09754751, 16.77739409000004 ], [ -93.097540003999896, 16.777443493000096 ], [ -93.097520119999956, 16.777471710000043 ], [ -93.096412449999946, 16.77741366 ], [ -93.096282896, 16.777406619 ], [ -93.096253664999949, 16.777405025000093 ], [ -93.096312979999936, 16.776504110000133 ] ] ] } },
{ "type": "Feature", "properties": { "colonia_final": "Ana Teresa" }, "geometry": { "type": "Polygon", "coordinates": [ [ [ -93.16894318, 16.756968030000063 ], [ -93.169112597, 16.75698236700002 ], [ -93.169362996, 16.757009300000096 ], [ -93.169646063999906, 16.757042476 ], [ -93.170392949999965, 16.757130020000019 ], [ -93.170305429999985, 16.757584140000066 ], [ -93.170212992999893, 16.757568803 ], [ -93.169721309999943, 16.757487220000037 ], [ -93.16894318, 16.756968030000063 ] ] ] } },
{ "type": "Feature", "properties": { "colonia_final": "Antigua" }, "geometry": { "type": "Polygon", "coordinates": [ [ [ -93.13684005999994, 16.758742570000059 ], [ -93.137676178999982, 16.759018220000019 ], [ -93.137009938999938, 16.759868850000029 ], [ -93.13566327999996, 16.760009820000032 ], [ -93.135664579999968, 16.759941120000043 ], [ -93.135829289999947, 16.759164570000081 ], [ -93.136187219999954, 16.758894750000035 ], [ -93.136278399, 16.758866890000046 ], [ -93.13684005999994, 16.758742570000059 ] ] ] } },
{ "type": "Feature", "properties": { "colonia_final": "Aramoni" }, "geometry": { "type": "Polygon", "coordinates": [ [ [ -93.145263519999958, 16.754701280000052 ], [ -93.160707339999988, 16.756888550000056 ], [ -93.160922489, 16.756929798000122 ], [ -93.161209672, 16.756994509 ], [ -93.165028918999894, 16.757855120000112 ], [ -93.165091939999968, 16.757869321000069 ], [ -93.144169579999982, 16.755010220000031 ], [ -93.145263519999958, 16.754701280000052 ] ] ] } },
{ "type": "Feature", "properties": { "colonia_final": "Arboledas" }, "geometry": { "type": "Polygon", "coordinates": [ [ [ -93.132022819999975, 16.754315780000077 ], [ -93.135675879999965, 16.75455631000008 ], [ -93.135722022, 16.754559558 ], [ -93.135808996, 16.754565694000082 ], [ -93.136384967, 16.754606330000112 ], [ -93.13743637, 16.754680513000036 ], [ -93.137792969999964, 16.754705680000018 ], [ -93.137694633, 16.755283956000024 ], [ -93.137665345999906, 16.755408344999985 ], [ -93.137646889999985, 16.755486720000032 ], [ -93.135233979999953, 16.758712250000027 ], [ -93.134348179999975, 16.758777230000067 ], [ -93.133474449999937, 16.758832 ], [ -93.131632909999951, 16.758027650000059 ], [ -93.131633599999986, 16.757396750000076 ], [ -93.131658274, 16.757099751999984 ], [ -93.131665519999956, 16.757012570000018 ], [ -93.131718919999969, 16.756370690000058 ], [ -93.131830689999958, 16.755528800000022 ], [ -93.13197651, 16.754446545000103 ], [ -93.132022819999975, 16.754315780000077 ] ] ] } },
{ "type": "Feature", "properties": { "colonia_final": "Arcali" }, "geometry": { "type": "Polygon", "coordinates": [ [ [ -93.103403649999962, 16.72919135000005 ], [ -93.105479733999971, 16.729913886000052 ], [ -93.105097429999944, 16.730222480000084 ], [ -93.104637217999894, 16.730071363000022 ], [ -93.103335219999963, 16.729469720000054 ], [ -93.103403649999962, 16.72919135000005 ] ] ] } },
{ "type": "Feature", "properties": { "colonia_final": "Arroyo Blanco" }, "geometry": { "type": "Polygon", "coordinates": [ [ [ -93.078766249999944, 16.767843770000059 ], [ -93.079013837, 16.767845913000016 ], [ -93.079255569999987, 16.767861950000054 ], [ -93.079580689999943, 16.768862460000033 ], [ -93.079573539999956, 16.768929850000085 ], [ -93.079389379, 16.77023832 ], [ -93.079361118, 16.770439090000028 ], [ -93.07935834999995, 16.770458740000048 ], [ -93.079001939999955, 16.770840780000064 ], [ -93.07580538, 16.771946971000016 ], [ -93.07572435, 16.771966860000099 ], [ -93.075504289999969, 16.771997750000036 ], [ -93.075027849999969, 16.772024420000044 ], [ -93.07461694999995, 16.772008050000078 ], [ -93.074749229999952, 16.770774860000085 ], [ -93.074951229999954, 16.76905709000004 ], [ -93.077431679999961, 16.76793642000008 ], [ -93.077647729, 16.767912261000095 ], [ -93.077854019999961, 16.767889200000067 ], [ -93.078303689999984, 16.767856310000063 ], [ -93.07837686, 16.767851550000039 ], [ -93.078602911, 16.767847033000088 ], [ -93.078766249999944, 16.767843770000059 ] ] ] } },
{ "type": "Feature", "properties": { "colonia_final": "Arroyo Grande" }, "geometry": { "type": "Polygon", "coordinates": [ [ [ -93.087111319999977, 16.733736460000049 ], [ -93.087637979999954, 16.735556120000098 ], [ -93.086283689999959, 16.736881660000066 ], [ -93.085198799999944, 16.736884910000075 ], [ -93.083488829999965, 16.73673194 ], [ -93.083735599999955, 16.734586920000066 ], [ -93.084774579999987, 16.733980340000109 ], [ -93.087111319999977, 16.733736460000049 ] ] ] } },
{ "type": "Feature", "properties": { "colonia_final": "Asturias" }, "geometry": { "type": "Polygon", "coordinates": [ [ [ -93.109983769999985, 16.766938800000091 ], [ -93.11083801999996, 16.767110450000096 ], [ -93.110737278, 16.767671136999972 ], [ -93.110706509999943, 16.767842370000057 ], [ -93.11000418, 16.767677890000115 ], [ -93.10984351999997, 16.767640260000089 ], [ -93.109860080000018, 16.767557420000081 ], [ -93.109983769999985, 16.766938800000091 ] ] ] } },
{ "type": "Feature", "properties": { "colonia_final": "Atenas" }, "geometry": { "type": "Polygon", "coordinates": [ [ [ -93.159248719999937, 16.766384480000024 ], [ -93.162005879999981, 16.766634450000026 ], [ -93.163174819999938, 16.766748970000052 ], [ -93.164807569999937, 16.768208890000032 ], [ -93.163694799999973, 16.769448180000055 ], [ -93.16364324999995, 16.769503370000052 ], [ -93.162586429999976, 16.770186600000041 ], [ -93.161689879999983, 16.769770310000073 ], [ -93.161459219999983, 16.76964077000002 ], [ -93.158343319999972, 16.76782638000002 ], [ -93.158485892, 16.767599318000116 ], [ -93.158679414999895, 16.76729112 ], [ -93.159248719999937, 16.766384480000024 ] ] ] } },
{ "type": "Feature", "properties": { "colonia_final": "Aurora" }, "geometry": { "type": "Polygon", "coordinates": [ [ [ -93.095209549999936, 16.756308140000037 ], [ -93.096621279999965, 16.756420320000082 ], [ -93.095300229999964, 16.757423710000076 ], [ -93.094529399999942, 16.756968370000056 ], [ -93.094019229999958, 16.756516710000042 ], [ -93.095209549999936, 16.756308140000037 ] ] ] } },
{ "type": "Feature", "properties": { "colonia_final": "Balcones Del Sur" }, "geometry": { "type": "Polygon", "coordinates": [ [ [ -93.080765849999977, 16.732626880000048 ], [ -93.080855567, 16.732636021000108 ], [ -93.080941888, 16.732644816000121 ], [ -93.08098806, 16.732663750000022 ], [ -93.081018103, 16.732680548000094 ], [ -93.081056546999903, 16.732721480000126 ], [ -93.08108809, 16.73276243 ], [ -93.081100936, 16.732871135000032 ], [ -93.081151583999898, 16.733299729000102 ], [ -93.081175366, 16.733500985 ], [ -93.081189471, 16.733629619000073 ], [ -93.081251213, 16.734201681000133 ], [ -93.081258979999973, 16.734273650000034 ], [ -93.080560029999958, 16.734213350000061 ], [ -93.080146369999966, 16.73416334000008 ], [ -93.080451319999952, 16.73283566000006 ], [ -93.080560014999904, 16.732684972000115 ], [ -93.080634739999894, 16.732637841999988 ], [ -93.080680859999973, 16.732633320000048 ], [ -93.080765849999977, 16.732626880000048 ] ] ] } },
{ "type": "Feature", "properties": { "colonia_final": "Barranca Verde" }, "geometry": { "type": "Polygon", "coordinates": [ [ [ -93.140248793999945, 16.764752081000058 ], [ -93.140268656999979, 16.76481007500006 ], [ -93.140353692999952, 16.765231975000077 ], [ -93.139660898999978, 16.765589487000081 ], [ -93.138978791999989, 16.7659267780001 ], [ -93.138389206999989, 16.765788534000031 ], [ -93.138094369999976, 16.76569790600006 ], [ -93.138146768999945, 16.765467812000036 ], [ -93.138227281999946, 16.765397055000072 ], [ -93.140248793999945, 16.764752081000058 ] ] ] } },
{ "type": "Feature", "properties": { "colonia_final": "Belisario Domínguez" }, "geometry": { "type": "Polygon", "coordinates": [ [ [ -93.158474719999958, 16.736476020000072 ], [ -93.159510139999952, 16.736636780000051 ], [ -93.160342939999964, 16.736783180000028 ], [ -93.161024279999936, 16.737183890000075 ], [ -93.160462319999965, 16.739771630000089 ], [ -93.096520649999945, 16.773463720000056 ], [ -93.09595177999995, 16.773392751000095 ], [ -93.094567825999903, 16.773076021000101 ], [ -93.094495786, 16.77305833200009 ], [ -93.093438319999962, 16.77278734000005 ], [ -93.093114070999903, 16.772704236999981 ], [ -93.092640005000021, 16.772580941000108 ], [ -93.092581028, 16.772565589000113 ], [ -93.092571459999988, 16.772563090000048 ], [ -93.092605153999898, 16.772418082000101 ], [ -93.092658769999957, 16.772187340000087 ], [ -93.09280253999998, 16.771636770000026 ], [ -93.158474719999958, 16.736476020000072 ] ] ] } },
{ "type": "Feature", "properties": { "colonia_final": "Bellavista" }, "geometry": { "type": "Polygon", "coordinates": [ [ [ -93.158283219999987, 16.738930780000032 ], [ -93.159400919999939, 16.739003940000028 ], [ -93.160386919999951, 16.739093580000013 ], [ -93.16084994, 16.739788890000074 ], [ -93.160320769999942, 16.739970940000045 ], [ -93.15935183, 16.739881020000063 ], [ -93.158232279999936, 16.739733180000052 ], [ -93.158283219999987, 16.738930780000032 ] ] ] } },
{ "type": "Feature", "properties": { "colonia_final": "Belén" }, "geometry": { "type": "Polygon", "coordinates": [ [ [ -93.13511651999994, 16.742488150000035 ], [ -93.135214019999978, 16.74249838000005 ], [ -93.13560069, 16.742570720000074 ], [ -93.135668249999981, 16.742583420000102 ], [ -93.136585399999944, 16.742807460000027 ], [ -93.136170339999978, 16.745431620000055 ], [ -93.135440419999952, 16.745302650000038 ], [ -93.135389919999966, 16.745276370000074 ], [ -93.134703889999969, 16.743985710000068 ], [ -93.134837518, 16.743399067999977 ], [ -93.13511651999994, 16.742488150000035 ] ] ] } },
{ "type": "Feature", "properties": { "colonia_final": "Benito Juárez" }, "geometry": { "type": "Polygon", "coordinates": [ [ [ -93.10828682999994, 16.7346014 ], [ -93.109239659999957, 16.734624950000068 ], [ -93.110238629999969, 16.734685450000072 ], [ -93.111242429999947, 16.735935090000055 ], [ -93.111722319999956, 16.736595570000066 ], [ -93.109262749999971, 16.737467850000048 ], [ -93.106990019999955, 16.737934580000083 ], [ -93.106963070999896, 16.737887895000018 ], [ -93.106909698, 16.7377954090001 ], [ -93.106804564, 16.737613221000107 ], [ -93.106784803, 16.737578975000087 ], [ -93.106615323, 16.737285264 ], [ -93.106579336, 16.737222888000112 ], [ -93.106491542999905, 16.737055384 ], [ -93.107303479999985, 16.734933580000085 ], [ -93.107589280999903, 16.73471618400001 ], [ -93.107592199999957, 16.73471397000003 ], [ -93.10828682999994, 16.7346014 ] ] ] } },
{ "type": "Feature", "properties": { "colonia_final": "Bienestar Social" }, "geometry": { "type": "Polygon", "coordinates": [ [ [ -93.095500849999951, 16.740132920000068 ], [ -93.096867979999956, 16.740559580000017 ], [ -93.096902379, 16.740570738 ], [ -93.097105163, 16.740636534000021 ], [ -93.097705241, 16.740831240000048 ], [ -93.097761279999986, 16.740849430000075 ], [ -93.098750579999944, 16.741183250000116 ], [ -93.099119588999898, 16.741314934000115 ], [ -93.099154660999901, 16.741329014000019 ], [ -93.099212066, 16.74135259100013 ], [ -93.099409814999902, 16.741436941000092 ], [ -93.099474772, 16.741468960000113 ], [ -93.099691719999953, 16.741581980000049 ], [ -93.099923879999949, 16.741706450000038 ], [ -93.102386489999958, 16.746282920000077 ], [ -93.102126459999965, 16.74767668000003 ], [ -93.102109479, 16.747762275000092 ], [ -93.10207387, 16.747941706000102 ], [ -93.102056089999962, 16.748031260000076 ], [ -93.09366007999995, 16.749429080000041 ], [ -93.092762289999939, 16.749252290000086 ], [ -93.092691263999896, 16.74923589 ], [ -93.09210272, 16.749099951000108 ], [ -93.091844419999987, 16.749040290000057 ], [ -93.09131911999998, 16.748910620000075 ], [ -93.091412379999952, 16.745365820000064 ], [ -93.091680689999976, 16.744738050000034 ], [ -93.092825089999963, 16.742542480000061 ], [ -93.095500849999951, 16.740132920000068 ] ] ] } },
{ "type": "Feature", "properties": { "colonia_final": "Bonampak" }, "geometry": { "type": "Polygon", "coordinates": [ [ [ -93.113502895, 16.734961933000012 ], [ -93.113598093999897, 16.734965171000109 ], [ -93.114766679999946, 16.735054230000056 ], [ -93.115567619999979, 16.735117710000043 ], [ -93.16483177899994, 16.772184490000029 ], [ -93.165005358999977, 16.773510227000028 ], [ -93.12995055, 16.760625400000027 ], [ -93.112951, 16.734976580000044 ], [ -93.113502895, 16.734961933000012 ] ] ] } },
{ "type": "Feature", "properties": { "colonia_final": "Borges" }, "geometry": { "type": "Polygon", "coordinates": [ [ [ -93.129021399999942, 16.746596650000075 ], [ -93.128812319999952, 16.749864460000072 ], [ -93.128423059999989, 16.749890020000066 ], [ -93.128346509999986, 16.749890340000047 ], [ -93.12772492, 16.74975358000011 ], [ -93.127600022, 16.74962494000011 ], [ -93.127054029999954, 16.748819650000026 ], [ -93.128089059999979, 16.746695120000052 ], [ -93.12826236, 16.746656828 ], [ -93.128885920999906, 16.746607386000111 ], [ -93.128965659999906, 16.746601064999975 ], [ -93.129021399999942, 16.746596650000075 ] ] ] } },
{ "type": "Feature", "properties": { "colonia_final": "Borges Laguitos" }, "geometry": { "type": "Polygon", "coordinates": [ [ [ -93.152843169999983, 16.764655060000059 ], [ -93.153813519999972, 16.764827910000115 ], [ -93.153767988, 16.765005312 ], [ -93.153554519999943, 16.765837020000056 ], [ -93.153005629999939, 16.76575137000005 ], [ -93.152582309999957, 16.765685230000035 ], [ -93.152603486, 16.765601587999978 ], [ -93.152727447, 16.765112049999978 ], [ -93.152767825, 16.764952596000111 ], [ -93.152843169999983, 16.764655060000059 ] ] ] } },
{ "type": "Feature", "properties": { "colonia_final": "Bosques De La Trinidad" }, "geometry": { "type": "Polygon", "coordinates": [ [ [ -93.195453446999977, 16.759803746000067 ], [ -93.196696200999952, 16.760829932000025 ], [ -93.196228498999972, 16.761811268000024 ], [ -93.195598416999985, 16.762658357000095 ], [ -93.193824568999958, 16.761880370000014 ], [ -93.19469130899995, 16.760757948000037 ], [ -93.195453446999977, 16.759803746000067 ] ] ] } },
{ "type": "Feature", "properties": { "colonia_final": "Bosques De Los Cedros" }, "geometry": { "type": "Polygon", "coordinates": [ [ [ -93.135483282999985, 16.730903176000055 ], [ -93.135933748999946, 16.731100081 ], [ -93.137539389999972, 16.732211894000041 ], [ -93.134379520999985, 16.735482534000042 ], [ -93.134296472999949, 16.73551944000009 ], [ -93.130648179, 16.734378300000099 ], [ -93.130728508999937, 16.734089882000017 ], [ -93.13093195, 16.733461642000055 ], [ -93.131434793999972, 16.73305549400003 ], [ -93.135483282999985, 16.730903176000055 ] ] ] } },
{ "type": "Feature", "properties": { "colonia_final": "Bosques Del Parque" }, "geometry": { "type": "Polygon", "coordinates": [ [ [ -93.104808259999984, 16.764786580000067 ], [ -93.106662779999965, 16.765236350000063 ], [ -93.106865079999977, 16.765547580000028 ], [ -93.106851679999977, 16.765618 ], [ -93.106632179999963, 16.766236170000095 ], [ -93.10527491, 16.767911750000042 ], [ -93.104407719999983, 16.767243170000036 ], [ -93.104808259999984, 16.764786580000067 ] ] ] } },
{ "type": "Feature", "properties": { "colonia_final": "Bosques Del Sur" }, "geometry": { "type": "Polygon", "coordinates": [ [ [ -93.136785119999956, 16.737234600000036 ], [ -93.137982273, 16.737544586000105 ], [ -93.139267149999966, 16.73788925000003 ], [ -93.140304215999905, 16.739817466000041 ], [ -93.140460168999937, 16.740794890000071 ], [ -93.139570508999952, 16.741710481000041 ], [ -93.13914532, 16.741664829000115 ], [ -93.137351749999937, 16.741428570000039 ], [ -93.135959019999973, 16.739621150000055 ], [ -93.136785119999956, 16.737234600000036 ] ] ] } },
{ "type": "Feature", "properties": { "colonia_final": "Boulevares" }, "geometry": { "type": "Polygon", "coordinates": [ [ [ -93.15508565, 16.755883570000037 ], [ -93.155160149999972, 16.755891650000041 ], [ -93.155245169999944, 16.755906420000041 ], [ -93.172054319999972, 16.75941966000007 ], [ -93.173247219999951, 16.75969502000007 ], [ -93.17299034, 16.760431650000026 ], [ -93.172905049999898, 16.760676220000096 ], [ -93.172802659999903, 16.760969820000149 ], [ -93.172619400000016, 16.761495310000015 ], [ -93.17256852, 16.76164118 ], [ -93.17251682999995, 16.761686580000074 ], [ -93.154969779999988, 16.75704871000007 ], [ -93.15508565, 16.755883570000037 ] ] ] } },
{ "type": "Feature", "properties": { "colonia_final": "Brasilia" }, "geometry": { "type": "Polygon", "coordinates": [ [ [ -93.1071404, 16.760387920000042 ], [ -93.10900517999994, 16.760811890000063 ], [ -93.108465939999988, 16.76245415000005 ], [ -93.107041539999955, 16.762491150000084 ], [ -93.106625889999975, 16.762410780000032 ], [ -93.106545819999965, 16.762381940000086 ], [ -93.106458599999939, 16.761002780000062 ], [ -93.1071404, 16.760387920000042 ] ] ] } },
{ "type": "Feature", "properties": { "colonia_final": "Brasilito" }, "geometry": { "type": "Polygon", "coordinates": [ [ [ -93.092343889999938, 16.754411380000032 ], [ -93.093250719999958, 16.754618450000084 ], [ -93.093260309999948, 16.756786890000072 ], [ -93.092800019999984, 16.757219020000043 ], [ -93.092144025, 16.756846205000091 ], [ -93.09210625999998, 16.756824740000084 ], [ -93.091838249999967, 16.756330120000047 ], [ -93.091665619999958, 16.75516 ], [ -93.091658341, 16.755101177 ], [ -93.091651336, 16.755044533000099 ], [ -93.091640436, 16.7549563910001 ], [ -93.091626483, 16.754843550999976 ], [ -93.091627126, 16.754779796999983 ], [ -93.091671339999948, 16.754606400000064 ], [ -93.092343889999938, 16.754411380000032 ] ] ] } },
{ "type": "Feature", "properties": { "colonia_final": "Buenaventura" }, "geometry": { "type": "Polygon", "coordinates": [ [ [ -93.095917369999938, 16.75208509000003 ], [ -93.095850619999965, 16.753673310000078 ], [ -93.09537149, 16.753941110000035 ], [ -93.09442298, 16.753698940000064 ], [ -93.094355949999965, 16.753676780000063 ], [ -93.094370343, 16.753647337000103 ], [ -93.09461491999997, 16.753147120000023 ], [ -93.095361199999957, 16.752187290000041 ], [ -93.095917369999938, 16.75208509000003 ] ] ] } },
{ "type": "Feature", "properties": { "colonia_final": "Buenavista" }, "geometry": { "type": "Polygon", "coordinates": [ [ [ -93.062829249999936, 16.74680603000008 ], [ -93.157406089999938, 16.763499600000053 ], [ -93.157815449999987, 16.764224630000065 ], [ -93.157778659999963, 16.764341350000038 ], [ -93.157681059999959, 16.764640830000115 ], [ -93.157180539999956, 16.765985620000055 ], [ -93.157150379999962, 16.766048740000034 ], [ -93.156264619999945, 16.767529940000035 ], [ -93.111382778999939, 16.791423631000047 ], [ -93.111180353, 16.791393199 ], [ -93.111023460999903, 16.791369609000085 ], [ -93.11043829, 16.791281621000035 ], [ -93.061319709999964, 16.752555970000056 ], [ -93.059547019999968, 16.750624350000113 ], [ -93.061248920999958, 16.747718494000036 ], [ -93.062829249999936, 16.74680603000008 ] ] ] } },
{ "type": "Feature", "properties": { "colonia_final": "Buenos Aires" }, "geometry": { "type": "Polygon", "coordinates": [ [ [ -93.153678849999949, 16.750291850000089 ], [ -93.155649279999977, 16.75047228000005 ], [ -93.155705199999943, 16.750477750000094 ], [ -93.155838562, 16.750502377999982 ], [ -93.15595995, 16.750529218000111 ], [ -93.15602286, 16.750547620000081 ], [ -93.156510818, 16.750690381 ], [ -93.156644472, 16.750729484000018 ], [ -93.157069889999946, 16.750858150000074 ], [ -93.157748706, 16.751068478000029 ], [ -93.158301459999961, 16.751253780000088 ], [ -93.15900591999997, 16.751852120000024 ], [ -93.158756829999959, 16.75242489000005 ], [ -93.153395939999939, 16.751772020000072 ], [ -93.153678849999949, 16.750291850000089 ] ] ] } },
{ "type": "Feature", "properties": { "colonia_final": "Bugambilias" }, "geometry": { "type": "Polygon", "coordinates": [ [ [ -93.143304819999969, 16.751163770000076 ], [ -93.148508898, 16.752037756000082 ], [ -93.148567849999949, 16.752139230000068 ], [ -93.148100909999982, 16.753385340000019 ], [ -93.148075629999937, 16.753446650000051 ], [ -93.142257479999969, 16.752321230000106 ], [ -93.14167274, 16.751532450000067 ], [ -93.141657, 16.75144278 ], [ -93.142475709999985, 16.75130409000009 ], [ -93.143304819999969, 16.751163770000076 ] ] ] } },
{ "type": "Feature", "properties": { "colonia_final": "Burocrática" }, "geometry": { "type": "Polygon", "coordinates": [ [ [ -93.131831979999959, 16.744923050000079 ], [ -93.133900054, 16.745249623000138 ], [ -93.133974582999898, 16.745261734999982 ], [ -93.134926964, 16.745416533000039 ], [ -93.135015423999903, 16.745431014000125 ], [ -93.13520653999997, 16.745463800000039 ], [ -93.134960731000021, 16.746849053000108 ], [ -93.134888889999957, 16.747253860000047 ], [ -93.133815549999952, 16.746935110000038 ], [ -93.133330479999984, 16.746784200000047 ], [ -93.132802309999988, 16.746607980000039 ], [ -93.131688399999973, 16.746235080000091 ], [ -93.131696522, 16.746117588000097 ], [ -93.131712358, 16.745949069000122 ], [ -93.131763841999899, 16.745491575000116 ], [ -93.131783979, 16.745321044 ], [ -93.131831979999959, 16.744923050000079 ] ] ] } },
{ "type": "Feature", "properties": { "colonia_final": "Burócratas" }, "geometry": { "type": "Polygon", "coordinates": [ [ [ -93.090311309999947, 16.77679577 ], [ -93.090532289999899, 16.776869180000123 ], [ -93.090633419999961, 16.77690278000005 ], [ -93.093190539999966, 16.777840910000048 ], [ -93.093189754, 16.777903996000077 ], [ -93.093184219999955, 16.778347880000073 ], [ -93.092446979999977, 16.778842320000038 ], [ -93.092324415, 16.778823028000016 ], [ -93.092169592999895, 16.778798647000023 ], [ -93.092062814, 16.778781831000092 ], [ -93.092015339999989, 16.778774350000074 ], [ -93.09029124999995, 16.778500230000084 ], [ -93.089836199999979, 16.778399420000035 ], [ -93.090311309999947, 16.77679577 ] ] ] } },
{ "type": "Feature", "properties": { "colonia_final": "California" }, "geometry": { "type": "Polygon", "coordinates": [ [ [ -93.105256339999983, 16.736013720000084 ], [ -93.105948916, 16.736562070000012 ], [ -93.106212109999944, 16.73678162000007 ], [ -93.106640659999982, 16.737475630000052 ], [ -93.106740916, 16.737671400000107 ], [ -93.106803249999984, 16.737793120000049 ], [ -93.10562122999994, 16.737616480000046 ], [ -93.105364147, 16.737563909000126 ], [ -93.105284546999897, 16.737547631 ], [ -93.105233539999972, 16.737537200000098 ], [ -93.105183229999966, 16.737226320000048 ], [ -93.105256339999983, 16.736013720000084 ] ] ] } },
{ "type": "Feature", "properties": { "colonia_final": "Calvarium" }, "geometry": { "type": "Polygon", "coordinates": [ [ [ -93.125922227, 16.737769767000085 ], [ -93.127548683, 16.738030954000095 ], [ -93.129289873999895, 16.738410156000114 ], [ -93.129371696, 16.73843205900004 ], [ -93.129695109999943, 16.738520290000089 ], [ -93.129382064999916, 16.740496927 ], [ -93.129370993, 16.740560714000022 ], [ -93.129364204, 16.740593061 ], [ -93.129350279999983, 16.740659400000034 ], [ -93.129218419999972, 16.741287550000052 ], [ -93.128974988, 16.741283507000109 ], [ -93.128930749999896, 16.741282770000108 ], [ -93.128599708, 16.741264208000121 ], [ -93.12851635, 16.74125842399998 ], [ -93.128152579999949, 16.741223140000056 ], [ -93.125059689999944, 16.740683280000052 ], [ -93.124566028999936, 16.739928540000051 ], [ -93.125176089999968, 16.738646572000022 ], [ -93.125922227, 16.737769767000085 ] ] ] } },
{ "type": "Feature", "properties": { "colonia_final": "Caminera" }, "geometry": { "type": "Polygon", "coordinates": [ [ [ -93.101824079999986, 16.736014720000075 ], [ -93.103607799999963, 16.736703940000037 ], [ -93.104864349999957, 16.737868150000072 ], [ -93.105169969999963, 16.738304620000068 ], [ -93.10530351999995, 16.739071220000024 ], [ -93.105310829999951, 16.739119940000052 ], [ -93.105201029999989, 16.739683890000091 ], [ -93.105188583, 16.739740251000111 ], [ -93.105153372, 16.739899619 ], [ -93.105123325, 16.740035597 ], [ -93.105111, 16.740091370000101 ], [ -93.102909229999966, 16.743143480000086 ], [ -93.101606179999976, 16.742457830000042 ], [ -93.099647048999941, 16.741390741000039 ], [ -93.099760859999961, 16.739625570000065 ], [ -93.100048909999941, 16.737153150000044 ], [ -93.100835659999973, 16.736605950000062 ], [ -93.101824079999986, 16.736014720000075 ] ] ] } },
{ "type": "Feature", "properties": { "colonia_final": "Campanario" }, "geometry": { "type": "Polygon", "coordinates": [ [ [ -93.182888539999965, 16.754145820000097 ], [ -93.183065551999903, 16.754147983000131 ], [ -93.183195229999967, 16.754149570000049 ], [ -93.184252049999941, 16.755761510000092 ], [ -93.183960859999956, 16.757172290000028 ], [ -93.183948939999908, 16.757222110000111 ], [ -93.183918427, 16.757349585999986 ], [ -93.183876095, 16.757526386000091 ], [ -93.183759268, 16.758014314 ], [ -93.183742679999966, 16.758083580000076 ], [ -93.183628979, 16.758533274999976 ], [ -93.183432229999937, 16.759189420000059 ], [ -93.18235906, 16.758969701000098 ], [ -93.182330019999952, 16.758963750000117 ], [ -93.180654149999953, 16.758595280000094 ], [ -93.180357628999957, 16.758526570000083 ], [ -93.180292179999981, 16.758442571000035 ], [ -93.179912348999906, 16.757720771999971 ], [ -93.1798977669999, 16.757676186000037 ], [ -93.179880958, 16.757614156000088 ], [ -93.179864296999895, 16.75755267 ], [ -93.179840619999936, 16.757465250000067 ], [ -93.179831259999958, 16.757402520000028 ], [ -93.179831879999895, 16.756984150000125 ], [ -93.180208229999948, 16.755446970000037 ], [ -93.181688, 16.754210430000054 ], [ -93.182888539999965, 16.754145820000097 ] ] ] } },
{ "type": "Feature", "properties": { "colonia_final": "Campestre Arenal" }, "geometry": { "type": "Polygon", "coordinates": [ [ [ -93.187534546999984, 16.750859216 ], [ -93.188719722999963, 16.751194697000081 ], [ -93.188775038999964, 16.751479266000032 ], [ -93.189055945999939, 16.752993867000068 ], [ -93.186612509999975, 16.753800290000097 ], [ -93.185474709999937, 16.753130170000084 ], [ -93.187534546999984, 16.750859216 ] ] ] } },
{ "type": "Feature", "properties": { "colonia_final": "Campestre Las Palmas" }, "geometry": { "type": "Polygon", "coordinates": [ [ [ -93.087423549999983, 16.756181620000046 ], [ -93.087522169999943, 16.756202910000088 ], [ -93.088369049999983, 16.756800630000065 ], [ -93.086490769999955, 16.758115780000026 ], [ -93.086231181999906, 16.757752492000108 ], [ -93.086126559, 16.757598639000015 ], [ -93.085964909999973, 16.757360920000057 ], [ -93.087423549999983, 16.756181620000046 ] ] ] } },
{ "type": "Feature", "properties": { "colonia_final": "Candox" }, "geometry": { "type": "Polygon", "coordinates": [ [ [ -93.111342199999967, 16.778618480000016 ], [ -93.112735169999965, 16.778672580000041 ], [ -93.112424689999955, 16.779853800000105 ], [ -93.112394139999935, 16.779915830000068 ], [ -93.111996059999967, 16.779882230000073 ], [ -93.111937564, 16.77986770600014 ], [ -93.111088049999978, 16.779656650000071 ], [ -93.111342199999967, 16.778618480000016 ] ] ] } },
{ "type": "Feature", "properties": { "colonia_final": "Canteras" }, "geometry": { "type": "Polygon", "coordinates": [ [ [ -93.126396849999935, 16.774739710000084 ], [ -93.126986088999956, 16.775114140000014 ], [ -93.127031819999956, 16.775143661000076 ], [ -93.127242018999937, 16.775292141000044 ], [ -93.126686179999979, 16.776199081000073 ], [ -93.126291238, 16.776808930000122 ], [ -93.126162815, 16.777007177000023 ], [ -93.126138848999972, 16.777044171000085 ], [ -93.12561033999998, 16.776675340000054 ], [ -93.125496648999956, 16.776215110000077 ], [ -93.126186014, 16.775078061000023 ], [ -93.126219312, 16.775024622000124 ], [ -93.126262031, 16.774956065 ], [ -93.126396849999935, 16.774739710000084 ] ] ] } },
{ "type": "Feature", "properties": { "colonia_final": "Capulines I" }, "geometry": { "type": "Polygon", "coordinates": [ [ [ -93.096344689999967, 16.780853600000032 ], [ -93.097460799999965, 16.780854540000078 ], [ -93.09918243, 16.780903585000033 ], [ -93.099376259999985, 16.780916340000058 ], [ -93.099597312, 16.780941413000093 ], [ -93.099773879999987, 16.780961450000053 ], [ -93.099284879999971, 16.781698860000066 ], [ -93.097385, 16.784223120000036 ], [ -93.095394089999957, 16.783665680000077 ], [ -93.09550563, 16.781498710000054 ], [ -93.095510279999985, 16.781418430000031 ], [ -93.095541049999952, 16.781033150000056 ], [ -93.095581599999946, 16.780880260000053 ], [ -93.096344689999967, 16.780853600000032 ] ] ] } },
{ "type": "Feature", "properties": { "colonia_final": "Capulines Ii" }, "geometry": { "type": "Polygon", "coordinates": [ [ [ -93.091789649999953, 16.780627490000025 ], [ -93.095500339999944, 16.78088609000001 ], [ -93.095299399999988, 16.783656770000089 ], [ -93.093158519999974, 16.783513380000066 ], [ -93.091841169999952, 16.781955750000105 ], [ -93.091789649999953, 16.780627490000025 ] ] ] } },
{ "type": "Feature", "properties": { "colonia_final": "Cci" }, "geometry": { "type": "Polygon", "coordinates": [ [ [ -93.185170019999987, 16.733307690000082 ], [ -93.185474909999982, 16.734477890000043 ], [ -93.184916659999942, 16.737149460000083 ], [ -93.18253201899995, 16.737527890000042 ], [ -93.181703519999985, 16.737451170000071 ], [ -93.181602379999958, 16.735758020000077 ], [ -93.185170019999987, 16.733307690000082 ] ] ] } },
{ "type": "Feature", "properties": { "colonia_final": "Centenario Tuchtlán" }, "geometry": { "type": "Polygon", "coordinates": [ [ [ -93.165601649999985, 16.766985380000058 ], [ -93.167370949999963, 16.767278220000019 ], [ -93.167454969999937, 16.767294770000028 ], [ -93.167890037999896, 16.767425893000137 ], [ -93.168046021, 16.767518365000114 ], [ -93.16820298, 16.767615090000049 ], [ -93.168177459999981, 16.767665750000059 ], [ -93.16520885999995, 16.77228542000007 ], [ -93.164513539999973, 16.771836250000042 ], [ -93.163761419999958, 16.771317540000034 ], [ -93.16320734, 16.77089398 ], [ -93.163115249999976, 16.770823570000069 ], [ -93.163050919999989, 16.77076378000007 ], [ -93.163255489999983, 16.769916420000083 ], [ -93.165601649999985, 16.766985380000058 ] ] ] } },
{ "type": "Feature", "properties": { "colonia_final": "Cerro Guadalupe" }, "geometry": { "type": "Polygon", "coordinates": [ [ [ -93.076714859999981, 16.764065020000057 ], [ -93.077810539999973, 16.764116940000093 ], [ -93.077862709999977, 16.764124060000043 ], [ -93.079560939999965, 16.764425420000073 ], [ -93.079616619999967, 16.764452690000038 ], [ -93.079920969999989, 16.764601750000054 ], [ -93.079950939999947, 16.764884230000085 ], [ -93.079961339999954, 16.765075880000033 ], [ -93.077645379999979, 16.765733350000087 ], [ -93.076719459999936, 16.765475020000075 ], [ -93.075826819999975, 16.765022020000071 ], [ -93.075701549999962, 16.764754400000047 ], [ -93.075720219999937, 16.764687860000045 ], [ -93.075882259999958, 16.76420923000012 ], [ -93.076714859999981, 16.764065020000057 ] ] ] } },
{ "type": "Feature", "properties": { "colonia_final": "Cerro Hueco" }, "geometry": { "type": "Polygon", "coordinates": [ [ [ -93.081364448999977, 16.720646691000059 ], [ -93.088462619999973, 16.721122460000057 ], [ -93.092238879999968, 16.721504830000057 ], [ -93.092357979999989, 16.721553820000075 ], [ -93.094402108999986, 16.725154060000037 ], [ -93.095587179999953, 16.732279220000084 ], [ -93.093527756999904, 16.733708843000031 ], [ -93.092017331, 16.734653087 ], [ -93.091134949999969, 16.735121430000042 ], [ -93.087337679999962, 16.736955710000075 ], [ -93.082442689999937, 16.732218250000091 ], [ -93.080683348999969, 16.723495620000051 ], [ -93.081364448999977, 16.720646691000059 ] ] ] } },
{ "type": "Feature", "properties": { "colonia_final": "Cerro Hueco (El Palmar)" }, "geometry": { "type": "Polygon", "coordinates": [ [ [ -93.090508649999947, 16.735803400000044 ], [ -93.090771289999964, 16.737399430000032 ], [ -93.087985929999903, 16.737055204000114 ], [ -93.087705909999954, 16.736999660000038 ], [ -93.090087766999901, 16.735859541000011 ], [ -93.090087769999968, 16.735859540000028 ], [ -93.090508649999947, 16.735803400000044 ] ] ] } },
{ "type": "Feature", "properties": { "colonia_final": "Chiapas Bicentenario" }, "geometry": { "type": "Polygon", "coordinates": [ [ [ -93.15743564099995, 16.690222158000068 ], [ -93.157550808999986, 16.690911060000076 ], [ -93.158050325999966, 16.69443520500004 ], [ -93.158052569999938, 16.695118884000067 ], [ -93.158053189999976, 16.695601846000045 ], [ -93.15794213, 16.695740755 ], [ -93.157665165999973, 16.695987788000039 ], [ -93.156821126999944, 16.695911664000057 ], [ -93.156767343999917, 16.695903525000084 ], [ -93.154566876999979, 16.695121007000107 ], [ -93.154140904999963, 16.69386995100011 ], [ -93.154095678, 16.693723757 ], [ -93.154790206999962, 16.690517332000081 ], [ -93.15743564099995, 16.690222158000068 ] ] ] } },
{ "type": "Feature", "properties": { "colonia_final": "Chiapas Solidario (Albores Guillén)" }, "geometry": { "type": "Polygon", "coordinates": [ [ [ -93.121334579999939, 16.777711170000035 ], [ -93.122669519999988, 16.777922980000046 ], [ -93.124600353999938, 16.778879848000013 ], [ -93.124553983999988, 16.77917609500005 ], [ -93.124466639, 16.7796557630001 ], [ -93.123949158999949, 16.782050893000097 ], [ -93.123938558, 16.782098538000152 ], [ -93.123861831999989, 16.782443372000053 ], [ -93.121336859999985, 16.781941430000099 ], [ -93.121010933, 16.781266283000019 ], [ -93.1208476, 16.780927920000064 ], [ -93.120731878999905, 16.78055538700001 ], [ -93.120711629, 16.780457555000112 ], [ -93.120694019999974, 16.780372450000097 ], [ -93.120701749999967, 16.780309250000059 ], [ -93.121123549999936, 16.778546690000045 ], [ -93.121334579999939, 16.777711170000035 ] ] ] } },
{ "type": "Feature", "properties": { "colonia_final": "Club Campestre Granjas" }, "geometry": { "type": "Polygon", "coordinates": [ [ [ -93.198146714, 16.749751005000107 ], [ -93.198608339999964, 16.74982572000005 ], [ -93.198688519999962, 16.749847980000052 ], [ -93.199030379999954, 16.749948510000031 ], [ -93.201061549999963, 16.758732830000032 ], [ -93.199784908999959, 16.759675020000028 ], [ -93.199521378999975, 16.759731061000039 ], [ -93.196493369999985, 16.756460380000028 ], [ -93.196484485, 16.756332747 ], [ -93.196615618999957, 16.750118800000063 ], [ -93.197629168999981, 16.749785200000105 ], [ -93.197722309999961, 16.749766540000035 ], [ -93.198146714, 16.749751005000107 ] ] ] } },
{ "type": "Feature", "properties": { "colonia_final": "Cocal" }, "geometry": { "type": "Polygon", "coordinates": [ [ [ -93.132785049999939, 16.740277540000037 ], [ -93.134693797999901, 16.740795223000099 ], [ -93.134780768, 16.740818813 ], [ -93.134919822999905, 16.740856532000105 ], [ -93.134970719999956, 16.74087034000009 ], [ -93.134933539999963, 16.740957220000016 ], [ -93.134841244000015, 16.741166310000086 ], [ -93.134381029999986, 16.742145380000082 ], [ -93.132411679999962, 16.741697260000034 ], [ -93.132511528, 16.74131756 ], [ -93.132720569999904, 16.740522680000026 ], [ -93.13275989, 16.740373180000084 ], [ -93.132774970999904, 16.740315840000111 ], [ -93.132785049999939, 16.740277540000037 ] ] ] } },
{ "type": "Feature", "properties": { "colonia_final": "Colesquizán" }, "geometry": { "type": "Polygon", "coordinates": [ [ [ -93.109690784999941, 16.730529911000115 ], [ -93.109745192, 16.730829926000087 ], [ -93.109864742999946, 16.732501327000012 ], [ -93.109381860999974, 16.733153666000078 ], [ -93.109340044999954, 16.73309375800007 ], [ -93.108567366999978, 16.731270030000097 ], [ -93.108625297999936, 16.731218480000088 ], [ -93.109591063, 16.730576148000104 ], [ -93.109690784999941, 16.730529911000115 ] ] ] } },
{ "type": "Feature", "properties": { "colonia_final": "Colinas De Bellavista" }, "geometry": { "type": "Polygon", "coordinates": [ [ [ -93.160885539999981, 16.73932606000006 ], [ -93.161271399999976, 16.739336680000072 ], [ -93.161770459999957, 16.739359890000049 ], [ -93.162896289999949, 16.739415060000056 ], [ -93.162892053, 16.739453345000111 ], [ -93.162888256, 16.739487599000022 ], [ -93.162864633000012, 16.739700674000105 ], [ -93.162850142, 16.739831375000101 ], [ -93.162836659999982, 16.73995291000006 ], [ -93.16082698, 16.739859350000106 ], [ -93.160458139999946, 16.739842170000031 ], [ -93.160885539999981, 16.73932606000006 ] ] ] } },
{ "type": "Feature", "properties": { "colonia_final": "Colinas Del Oriente" }, "geometry": { "type": "Polygon", "coordinates": [ [ [ -93.099237149999965, 16.776700370000057 ], [ -93.09936627999997, 16.776708450000047 ], [ -93.101196109999989, 16.776933180000082 ], [ -93.100955969999973, 16.778317550000093 ], [ -93.10082510999996, 16.779018570000037 ], [ -93.099201059999984, 16.778749150000042 ], [ -93.099038449999966, 16.778221050000056 ], [ -93.099151549999988, 16.777351460000052 ], [ -93.09917955, 16.777138420000018 ], [ -93.099231969999906, 16.776739740000085 ], [ -93.099237149999965, 16.776700370000057 ] ] ] } },
{ "type": "Feature", "properties": { "colonia_final": "Colinas Del Rey" }, "geometry": { "type": "Polygon", "coordinates": [ [ [ -93.163673342999971, 16.737394578000035 ], [ -93.165964219999978, 16.737494780000088 ], [ -93.165751170999954, 16.73830222200009 ], [ -93.165691867999954, 16.738449297000052 ], [ -93.165202200999943, 16.738935719000033 ], [ -93.163512409999953, 16.739084694000052 ], [ -93.163673342999971, 16.737394578000035 ] ] ] } },
{ "type": "Feature", "properties": { "colonia_final": "Colinas Del Sur" }, "geometry": { "type": "Polygon", "coordinates": [ [ [ -93.122787029999984, 16.734719400000127 ], [ -93.125441378999938, 16.735325797 ], [ -93.12447389, 16.738565340000047 ], [ -93.123702628999979, 16.738482171000072 ], [ -93.12185322, 16.736479200000087 ], [ -93.122787029999984, 16.734719400000127 ] ] ] } },
{ "type": "Feature", "properties": { "colonia_final": "Colonial" }, "geometry": { "type": "Polygon", "coordinates": [ [ [ -93.091667259999952, 16.73508629 ], [ -93.092982689999985, 16.736136320000099 ], [ -93.092962859999943, 16.736437620000082 ], [ -93.092909969999937, 16.736887550000048 ], [ -93.092901279999978, 16.736959420000073 ], [ -93.09284791999994, 16.73737148000005 ], [ -93.092838479999955, 16.737442170000101 ], [ -93.092742709999982, 16.738069400000029 ], [ -93.092190619999897, 16.7379084 ], [ -93.091962147999894, 16.737827149000086 ], [ -93.091752879999945, 16.737752720000064 ], [ -93.09083714999997, 16.737426250000038 ], [ -93.090771289999964, 16.737399430000032 ], [ -93.090500519999978, 16.735996380000067 ], [ -93.090508649999947, 16.735803400000044 ], [ -93.091667259999952, 16.73508629 ] ] ] } },
{ "type": "Feature", "properties": { "colonia_final": "Colón" }, "geometry": { "type": "Polygon", "coordinates": [ [ [ -93.116213579999965, 16.758233710000059 ], [ -93.124960689999966, 16.759912890000088 ], [ -93.125203739999961, 16.762564630000067 ], [ -93.12253527999998, 16.763073890000079 ], [ -93.118100579999975, 16.762419120000086 ], [ -93.117204742, 16.762286377000102 ], [ -93.117128820999895, 16.762273630999982 ], [ -93.11632525999994, 16.762129510000026 ], [ -93.115555859999986, 16.761990020000027 ], [ -93.116213579999965, 16.758233710000059 ] ] ] } },
{ "type": "Feature", "properties": { "colonia_final": "Comitán" }, "geometry": { "type": "Polygon", "coordinates": [ [ [ -93.06577717, 16.754093630000053 ], [ -93.069831854999961, 16.754135441000113 ], [ -93.069941826, 16.754268995000078 ], [ -93.070087779999938, 16.754476920000066 ], [ -93.070092480000014, 16.7545317400001 ], [ -93.070163561, 16.755362057000085 ], [ -93.070170889999986, 16.755447680000035 ], [ -93.069224599999984, 16.755522550000013 ], [ -93.068956753999913, 16.755542847000115 ], [ -93.068844509999963, 16.755551350000061 ], [ -93.067775769999969, 16.755630620000037 ], [ -93.065104879999978, 16.755815580000053 ], [ -93.065082826, 16.755596636000099 ], [ -93.065072996, 16.755499019000116 ], [ -93.065038583, 16.755157277 ], [ -93.065030194, 16.755073967000136 ], [ -93.065008769999963, 16.754861150000067 ], [ -93.065058679999936, 16.754752550000067 ], [ -93.06577717, 16.754093630000053 ] ] ] } },
{ "type": "Feature", "properties": { "colonia_final": "Continental" }, "geometry": { "type": "Polygon", "coordinates": [ [ [ -93.152568549999955, 16.765740310000062 ], [ -93.152707103999902, 16.76576327 ], [ -93.153558029999942, 16.765904340000095 ], [ -93.153325909999978, 16.766960280000024 ], [ -93.153158689999941, 16.767641830000027 ], [ -93.152945939999896, 16.767589230000123 ], [ -93.152213889999985, 16.767408220000064 ], [ -93.152225509999937, 16.767268890000047 ], [ -93.152240629999937, 16.767168 ], [ -93.152395339999941, 16.76643225000004 ], [ -93.152494479999973, 16.766036050000036 ], [ -93.152568549999955, 16.765740310000062 ] ] ] } },
{ "type": "Feature", "properties": { "colonia_final": "Coquelexquitzán" }, "geometry": { "type": "Polygon", "coordinates": [ [ [ -93.107575579999946, 16.729459601000023 ], [ -93.108283289999974, 16.729506430000086 ], [ -93.108411369999942, 16.730995921000027 ], [ -93.106753179999941, 16.732658480000079 ], [ -93.106074629999966, 16.732662080000061 ], [ -93.105633519999969, 16.732161860000087 ], [ -93.105623862, 16.732112268000026 ], [ -93.105589349999946, 16.731866740000058 ], [ -93.105569969999976, 16.731588950000056 ], [ -93.10557586, 16.730696460000051 ], [ -93.105906230000016, 16.730418680000106 ], [ -93.106705131999945, 16.729954539000072 ], [ -93.107575579999946, 16.729459601000023 ] ] ] } },
{ "type": "Feature", "properties": { "colonia_final": "Covadonga" }, "geometry": { "type": "Polygon", "coordinates": [ [ [ -93.129919509999979, 16.760755850000081 ], [ -93.13053967999997, 16.760845660000083 ], [ -93.133131678999973, 16.761241850000015 ], [ -93.133685779999951, 16.76133126000007 ], [ -93.13368238, 16.76137743 ], [ -93.133638399999938, 16.76197411000004 ], [ -93.130773449999936, 16.762303 ], [ -93.13068592, 16.762288504 ], [ -93.130552597, 16.762266424000106 ], [ -93.130363459, 16.762235100000133 ], [ -93.130249364, 16.762216204 ], [ -93.130177059999895, 16.762204229000101 ], [ -93.130127328999905, 16.762195992 ], [ -93.129732573999902, 16.762130607000081 ], [ -93.129626169999938, 16.762112980000051 ], [ -93.129743649999966, 16.761547380000028 ], [ -93.129919509999979, 16.760755850000081 ] ] ] } },
{ "type": "Feature", "properties": { "colonia_final": "Cruz Con Casitas" }, "geometry": { "type": "Polygon", "coordinates": [ [ [ -93.10082522, 16.781098620000019 ], [ -93.104193259999988, 16.781413690000022 ], [ -93.104736709999941, 16.781470090000042 ], [ -93.10383362999994, 16.784823370000016 ], [ -93.103667799999982, 16.78530483000003 ], [ -93.103336739999975, 16.786048540000053 ], [ -93.103305349999971, 16.786108020000047 ], [ -93.101697939999951, 16.786261050000064 ], [ -93.10147277, 16.786227338000121 ], [ -93.101321709999979, 16.786204720000068 ], [ -93.10043742, 16.78477914000009 ], [ -93.10082522, 16.781098620000019 ] ] ] } },
{ "type": "Feature", "properties": { "colonia_final": "Cuchilla Santa Rosa" }, "geometry": { "type": "Polygon", "coordinates": [ [ [ -93.190467632, 16.705957180000055 ], [ -93.190702704, 16.706038079999974 ], [ -93.190762682, 16.706062681999978 ], [ -93.192841051999949, 16.707227934000063 ], [ -93.183877508999956, 16.719286474000054 ], [ -93.182902708999961, 16.720388571000068 ], [ -93.182867229999943, 16.72042702400006 ], [ -93.17820125999998, 16.721615200000034 ], [ -93.178032418, 16.721556880000023 ], [ -93.178341049999972, 16.720803230000065 ], [ -93.179446068999937, 16.718512064000052 ], [ -93.188797571999899, 16.706584824000121 ], [ -93.188911248999958, 16.706445620000089 ], [ -93.189219633999983, 16.706178428000058 ], [ -93.190467632, 16.705957180000055 ] ] ] } },
{ "type": "Feature", "properties": { "colonia_final": "Cumbres" }, "geometry": { "type": "Polygon", "coordinates": [ [ [ -93.192496659999961, 16.743321450000042 ], [ -93.193697279999981, 16.743659290000064 ], [ -93.193784509999958, 16.743713780000082 ], [ -93.193285539999977, 16.744540230000037 ], [ -93.193212349999953, 16.744661450000024 ], [ -93.192274079999947, 16.74431474000005 ], [ -93.192224769999939, 16.74423309000003 ], [ -93.192278625, 16.743466864000016 ], [ -93.192327040999942, 16.743368681000042 ], [ -93.192496659999961, 16.743321450000042 ] ] ] } },
{ "type": "Feature", "properties": { "colonia_final": "Diana Laura Riojas De Colosio" }, "geometry": { "type": "Polygon", "coordinates": [ [ [ -93.137268909999989, 16.741537290000071 ], [ -93.137365173, 16.741538928000114 ], [ -93.137487592999904, 16.741541016 ], [ -93.137590049999972, 16.741542770000027 ], [ -93.137715769999943, 16.741558680000043 ], [ -93.138136779999968, 16.741612 ], [ -93.138249659999985, 16.741626310000068 ], [ -93.138404478, 16.741645973000136 ], [ -93.140159708999988, 16.741870711000058 ], [ -93.140272489999973, 16.741894140000049 ], [ -93.140386494, 16.741917852000029 ], [ -93.140486398, 16.741938632 ], [ -93.140561581, 16.741955266000101 ], [ -93.140839898, 16.742017197999989 ], [ -93.140926469999897, 16.742036467999981 ], [ -93.14102486, 16.742059533 ], [ -93.141381249999938, 16.742143780000038 ], [ -93.141444512999897, 16.743449288 ], [ -93.14140986, 16.74453005 ], [ -93.141318149999961, 16.745005370000051 ], [ -93.140524859999971, 16.744815821000053 ], [ -93.139834148999967, 16.744569851000044 ], [ -93.137483, 16.743384770000024 ], [ -93.137174, 16.74291563 ], [ -93.13709627999998, 16.741921230000049 ], [ -93.137105818999899, 16.74184969 ], [ -93.137128372999896, 16.7417585170001 ], [ -93.137208014999899, 16.741624063000099 ], [ -93.137268909999989, 16.741537290000071 ] ] ] } },
{ "type": "Feature", "properties": { "colonia_final": "Doctor Gabriel Gutiérrez Zepeda" }, "geometry": { "type": "Polygon", "coordinates": [ [ [ -93.065722508999954, 16.74799965000004 ], [ -93.065756602999897, 16.748029488000011 ], [ -93.065825745, 16.748090012 ], [ -93.069193488999986, 16.752525077000023 ], [ -93.069410747999939, 16.753177443000045 ], [ -93.069528764999973, 16.753560129000061 ], [ -93.069555586999968, 16.753647453000045 ], [ -93.069559763, 16.753728904000123 ], [ -93.069574561, 16.754017612000013 ], [ -93.06957704499996, 16.754066096000034 ], [ -93.065130569999951, 16.757890140000054 ], [ -93.063858569999979, 16.758003980000069 ], [ -93.06384342699991, 16.757927499000115 ], [ -93.063811777999902, 16.757767622000102 ], [ -93.063026149999985, 16.753155370000112 ], [ -93.062723399999982, 16.751197140000084 ], [ -93.064718909999954, 16.748849711000066 ], [ -93.065684979999958, 16.748026770000024 ], [ -93.065722508999954, 16.74799965000004 ] ] ] } },
{ "type": "Feature", "properties": { "colonia_final": "Doctor Romeo Rincón" }, "geometry": { "type": "Polygon", "coordinates": [ [ [ -93.12928116999997, 16.741396980000033 ], [ -93.129635182999905, 16.741433082000121 ], [ -93.129764079999973, 16.741446230000069 ], [ -93.12994537, 16.741464764000096 ], [ -93.131134139999972, 16.741610080000047 ], [ -93.131364156, 16.741640607000019 ], [ -93.132375754999899, 16.741789527 ], [ -93.132463499, 16.741804127 ], [ -93.132710549999956, 16.741846980000073 ], [ -93.132248569999945, 16.744144740000024 ], [ -93.128706849999958, 16.744127630000051 ], [ -93.12928116999997, 16.741396980000033 ] ] ] } },
{ "type": "Feature", "properties": { "colonia_final": "El Aguacate" }, "geometry": { "type": "Polygon", "coordinates": [ [ [ -93.112951, 16.734976580000044 ], [ -93.11388055, 16.735619520000082 ], [ -93.11386607999998, 16.735876980000064 ], [ -93.113634719999936, 16.736816170000107 ], [ -93.113457600999894, 16.73679287500001 ], [ -93.113386079999898, 16.736783468000088 ], [ -93.113316459999965, 16.736774310000051 ], [ -93.113026539999964, 16.735613580000063 ], [ -93.113001744, 16.735477207 ], [ -93.112974218, 16.73531490600001 ], [ -93.112951, 16.734976580000044 ] ] ] } },
{ "type": "Feature", "properties": { "colonia_final": "El Arenal" }, "geometry": { "type": "Polygon", "coordinates": [ [ [ -93.201763369999981, 16.745008080000058 ], [ -93.202677369999947, 16.756483750000022 ], [ -93.202667258999952, 16.756525580000073 ], [ -93.201061549999963, 16.758732830000032 ], [ -93.199801948999962, 16.757521881000059 ], [ -93.199722870999906, 16.757401648 ], [ -93.199484854000019, 16.756967476000096 ], [ -93.199396379, 16.756756300000131 ], [ -93.196711376999986, 16.749972970000051 ], [ -93.197104859999968, 16.74934832000007 ], [ -93.200021229999948, 16.746421310000084 ], [ -93.2001013, 16.746346199000119 ], [ -93.201763369999981, 16.745008080000058 ] ] ] } },
{ "type": "Feature", "properties": { "colonia_final": "El Bosque" }, "geometry": { "type": "Polygon", "coordinates": [ [ [ -93.08778037999997, 16.760484750000046 ], [ -93.090717824, 16.762757329000099 ], [ -93.091220649999968, 16.763156940000059 ], [ -93.090704689999939, 16.764549110000083 ], [ -93.087814109999954, 16.764063120000067 ], [ -93.08713494999995, 16.76362977 ], [ -93.08633974, 16.76264615000002 ], [ -93.086095340999975, 16.762299021000082 ], [ -93.086421415999951, 16.761203797000071 ], [ -93.08778037999997, 16.760484750000046 ] ] ] } },
{ "type": "Feature", "properties": { "colonia_final": "El Brasilito" }, "geometry": { "type": "Polygon", "coordinates": [ [ [ -93.093534249999948, 16.753414680000059 ], [ -93.097853709999981, 16.754452320000034 ], [ -93.097269579999988, 16.758396480000066 ], [ -93.096996965, 16.758452666 ], [ -93.096905663999905, 16.75847148300014 ], [ -93.096847075999904, 16.758483055000113 ], [ -93.096396119999952, 16.758570430000084 ], [ -93.09300036999997, 16.75554540000007 ], [ -93.092326779999951, 16.75434866000008 ], [ -93.092872339999985, 16.753878080000103 ], [ -93.093279368, 16.753593115000108 ], [ -93.093534249999948, 16.753414680000059 ] ] ] } },
{ "type": "Feature", "properties": { "colonia_final": "El Calichal" }, "geometry": { "type": "Polygon", "coordinates": [ [ [ -93.146396709999976, 16.760908320000063 ], [ -93.14605149, 16.76430969000004 ], [ -93.145935258999955, 16.765089370000062 ], [ -93.145186948999935, 16.76861142000007 ], [ -93.144106146999945, 16.769636654000081 ], [ -93.143490702999941, 16.768395934000075 ], [ -93.141907519999961, 16.76424534000008 ], [ -93.141897809999989, 16.764211351000025 ], [ -93.141871426, 16.76399811 ], [ -93.14182677, 16.76363718 ], [ -93.141805216, 16.763426951 ], [ -93.14179649, 16.763341781000097 ], [ -93.141938742, 16.763261193000105 ], [ -93.146396709999976, 16.760908320000063 ] ] ] } },
{ "type": "Feature", "properties": { "colonia_final": "El Calvario" }, "geometry": { "type": "Polygon", "coordinates": [ [ [ -93.117542489999948, 16.746216510000046 ], [ -93.119163119999939, 16.746468420000046 ], [ -93.11966492, 16.746546475000073 ], [ -93.119694502, 16.746551233000023 ], [ -93.120026939999946, 16.746608220000052 ], [ -93.118685179999943, 16.754001620000043 ], [ -93.116134949999946, 16.753593110000065 ], [ -93.117542489999948, 16.746216510000046 ] ] ] } },
{ "type": "Feature", "properties": { "colonia_final": "El Carmen" }, "geometry": { "type": "Polygon", "coordinates": [ [ [ -93.11091206, 16.782150340000054 ], [ -93.111024432, 16.7821807710001 ], [ -93.111231692, 16.782236901 ], [ -93.111304829999938, 16.782256710000059 ], [ -93.11180018, 16.782397340000053 ], [ -93.112313893, 16.78271089600004 ], [ -93.112385562, 16.782757823000093 ], [ -93.112485829999969, 16.782823480000054 ], [ -93.110630029999982, 16.788425620000098 ], [ -93.10956514999998, 16.788190250000081 ], [ -93.110627289999968, 16.783362940000085 ], [ -93.11091206, 16.782150340000054 ] ] ] } },
{ "type": "Feature", "properties": { "colonia_final": "El Cerrito" }, "geometry": { "type": "Polygon", "coordinates": [ [ [ -93.119198419999975, 16.751470090000048 ], [ -93.124226909999948, 16.752180280000051 ], [ -93.126067749999947, 16.752473580000089 ], [ -93.126677599999937, 16.75332585000006 ], [ -93.126414489999945, 16.754869620000026 ], [ -93.125620539999943, 16.754980140000082 ], [ -93.124812976, 16.754969274000107 ], [ -93.124797199999989, 16.754969060000068 ], [ -93.124521919, 16.754951052 ], [ -93.124440597, 16.754942522000011 ], [ -93.12429658, 16.754925291000127 ], [ -93.124004384, 16.754890326000115 ], [ -93.123944883, 16.754883203000105 ], [ -93.123897829999976, 16.754877570000087 ], [ -93.123804939999957, 16.754865250000016 ], [ -93.121783449, 16.754528882000084 ], [ -93.118777619999946, 16.754017200000092 ], [ -93.118790648999905, 16.75393823600011 ], [ -93.119058119999977, 16.752319280000069 ], [ -93.119193181999904, 16.751501789000017 ], [ -93.119198419999975, 16.751470090000048 ] ] ] } },
{ "type": "Feature", "properties": { "colonia_final": "El Ciprés" }, "geometry": { "type": "Polygon", "coordinates": [ [ [ -93.161102879999987, 16.736906520000066 ], [ -93.163102, 16.737048250000061 ], [ -93.163114026, 16.73707047 ], [ -93.163244, 16.737715120000068 ], [ -93.162971029999952, 16.740280250000069 ], [ -93.160885539999981, 16.73932606000006 ], [ -93.160750079999957, 16.739087880000078 ], [ -93.160691339999971, 16.737062490000032 ], [ -93.161102879999987, 16.736906520000066 ] ] ] } },
{ "type": "Feature", "properties": { "colonia_final": "El Cocal" }, "geometry": { "type": "Polygon", "coordinates": [ [ [ -93.129752766999957, 16.738593945000034 ], [ -93.129849027, 16.738611525000071 ], [ -93.13005821, 16.738665578000145 ], [ -93.133361699, 16.7395466020001 ], [ -93.133682118999957, 16.739633561000058 ], [ -93.13365368999996, 16.739682180000017 ], [ -93.130858629999977, 16.739539980000089 ], [ -93.130816467, 16.739537191000103 ], [ -93.130785279999955, 16.739535110000109 ], [ -93.129657819999977, 16.739271920000032 ], [ -93.129752766999957, 16.738593945000034 ] ] ] } },
{ "type": "Feature", "properties": { "colonia_final": "El Diamante" }, "geometry": { "type": "Polygon", "coordinates": [ [ [ -93.151641022999968, 16.744202393000023 ], [ -93.15419124899995, 16.746134890000043 ], [ -93.154199199999908, 16.746440570000114 ], [ -93.154205048999984, 16.746665511000046 ], [ -93.154207688999975, 16.746880180000048 ], [ -93.154205449999949, 16.746980261000012 ], [ -93.154187949999937, 16.747756430000052 ], [ -93.15418068, 16.74801775 ], [ -93.154173579999963, 16.748272581000027 ], [ -93.153020278999975, 16.749230940000086 ], [ -93.152779288999966, 16.749321370000086 ], [ -93.151461979999965, 16.746316020000073 ], [ -93.151641022999968, 16.744202393000023 ] ] ] } },
{ "type": "Feature", "properties": { "colonia_final": "El Magueyito" }, "geometry": { "type": "Polygon", "coordinates": [ [ [ -93.127280619999965, 16.755008570000054 ], [ -93.127297282000015, 16.755083118000112 ], [ -93.12698543, 16.759545800000073 ], [ -93.126972888999902, 16.759633441000094 ], [ -93.126955175, 16.759757191000102 ], [ -93.126940947, 16.759856585000026 ], [ -93.126896059999979, 16.760170140000056 ], [ -93.125178649999953, 16.762489250000058 ], [ -93.124602, 16.762404450000084 ], [ -93.125246249999975, 16.75797252000007 ], [ -93.125264109999989, 16.757872430000081 ], [ -93.125485821, 16.756641294000115 ], [ -93.125789029999964, 16.755107750000057 ], [ -93.1258208899999, 16.755104926000119 ], [ -93.126326429999949, 16.755060230000048 ], [ -93.126519049999956, 16.755043480000058 ], [ -93.127280619999965, 16.755008570000054 ] ] ] } },
{ "type": "Feature", "properties": { "colonia_final": "El Mirador" }, "geometry": { "type": "Polygon", "coordinates": [ [ [ -93.125203739999961, 16.762564630000067 ], [ -93.127158059999942, 16.763758050000057 ], [ -93.127722549999987, 16.768268340000088 ], [ -93.127780259999952, 16.768843140000065 ], [ -93.127197109999955, 16.768868820000048 ], [ -93.122436229999948, 16.768695600000058 ], [ -93.121256119999941, 16.76622322000005 ], [ -93.124785119999956, 16.762917710000078 ], [ -93.125203739999961, 16.762564630000067 ] ] ] } },
{ "type": "Feature", "properties": { "colonia_final": "El Mirador Segunda Sección" }, "geometry": { "type": "Polygon", "coordinates": [ [ [ -93.126969229999986, 16.76509225000008 ], [ -93.128176459999963, 16.765260080000072 ], [ -93.12824588999996, 16.76568129 ], [ -93.128623539999978, 16.768695910000112 ], [ -93.128220369999951, 16.768754110000039 ], [ -93.127842579999935, 16.768726050000058 ], [ -93.127387749999968, 16.767834910000044 ], [ -93.127384473000021, 16.767824562000108 ], [ -93.127357015, 16.767737853000018 ], [ -93.126969229999986, 16.76509225000008 ] ] ] } },
{ "type": "Feature", "properties": { "colonia_final": "El Paraíso Alto" }, "geometry": { "type": "Polygon", "coordinates": [ [ [ -93.122717259999945, 16.769287430000112 ], [ -93.122937049999962, 16.769478050000018 ], [ -93.122992994, 16.769566655000077 ], [ -93.1231716, 16.76988194000014 ], [ -93.123248979999985, 16.770099080000033 ], [ -93.123756149999963, 16.771862520000099 ], [ -93.122962049999956, 16.772166630000115 ], [ -93.122630909999941, 16.772170720000105 ], [ -93.1222967799999, 16.772165733000097 ], [ -93.12208309, 16.77216254000005 ], [ -93.122086549999949, 16.772140570000058 ], [ -93.122134259999939, 16.77188969000003 ], [ -93.122603139, 16.769789935000116 ], [ -93.122717259999945, 16.769287430000112 ] ] ] } },
{ "type": "Feature", "properties": { "colonia_final": "El Pedregal" }, "geometry": { "type": "Polygon", "coordinates": [ [ [ -93.112109885999985, 16.733089171000078 ], [ -93.112129726, 16.733161995999986 ], [ -93.112399749999952, 16.734153159000083 ], [ -93.11228072199998, 16.734097247 ], [ -93.111929599999939, 16.733522802000032 ], [ -93.111909091999962, 16.73345579800003 ], [ -93.112039375999984, 16.733146986000051 ], [ -93.112109885999985, 16.733089171000078 ] ] ] } },
{ "type": "Feature", "properties": { "colonia_final": "El Privilegio" }, "geometry": { "type": "Polygon", "coordinates": [ [ [ -93.160458139999946, 16.739842170000031 ], [ -93.160437752, 16.740184799000097 ], [ -93.160435913999905, 16.740215619000011 ], [ -93.160435149999955, 16.740228350000042 ], [ -93.160453345999898, 16.739922529000118 ], [ -93.160458139999946, 16.739842170000031 ] ] ] } },
{ "type": "Feature", "properties": { "colonia_final": "El Puente" }, "geometry": { "type": "Polygon", "coordinates": [ [ [ -93.162920258999975, 16.744798980000034 ], [ -93.163901449999983, 16.744928710000096 ], [ -93.163955949999945, 16.74600314 ], [ -93.162124249999977, 16.746086140000052 ], [ -93.16227656999996, 16.745039050000067 ], [ -93.162289459999954, 16.744979461000081 ], [ -93.162920258999975, 16.744798980000034 ] ] ] } },
{ "type": "Feature", "properties": { "colonia_final": "El Retiro" }, "geometry": { "type": "Polygon", "coordinates": [ [ [ -93.083730854, 16.7475979620001 ], [ -93.083787281999903, 16.747603407999978 ], [ -93.084618369999987, 16.747747510000071 ], [ -93.086754119999966, 16.74814871000007 ], [ -93.087176259999978, 16.748232600000051 ], [ -93.0878168509999, 16.748363462000022 ], [ -93.088029761, 16.748410304000082 ], [ -93.088246501999905, 16.748457988999984 ], [ -93.088824399999964, 16.74858514000006 ], [ -93.086197059999961, 16.750970910000071 ], [ -93.086075799999946, 16.751077980000062 ], [ -93.085742733, 16.751036284000104 ], [ -93.082469449999962, 16.750516350000044 ], [ -93.082357653999907, 16.749869595000085 ], [ -93.082418319999988, 16.749700820000058 ], [ -93.083006489999946, 16.748153780000045 ], [ -93.083039679999956, 16.748090950000076 ], [ -93.083381649999978, 16.747625800000051 ], [ -93.083448147999945, 16.747615881000037 ], [ -93.08360136999994, 16.747603020000064 ], [ -93.083730854, 16.7475979620001 ] ] ] } },
{ "type": "Feature", "properties": { "colonia_final": "El Roble" }, "geometry": { "type": "Polygon", "coordinates": [ [ [ -93.096426379999969, 16.734213950000012 ], [ -93.09980398, 16.734700510000035 ], [ -93.100304459999961, 16.734977340000086 ], [ -93.100035619999971, 16.736828080000084 ], [ -93.097098379999977, 16.738474020000069 ], [ -93.09467951, 16.737939710000067 ], [ -93.094874429999948, 16.737493940000054 ], [ -93.096362079999949, 16.734314880000071 ], [ -93.096426379999969, 16.734213950000012 ] ] ] } },
{ "type": "Feature", "properties": { "colonia_final": "El Rosario Poniente" }, "geometry": { "type": "Polygon", "coordinates": [ [ [ -93.131907806999962, 16.773654481000083 ], [ -93.132002243, 16.773699522000097 ], [ -93.132751703999986, 16.77412342700007 ], [ -93.132751704, 16.774123427000113 ], [ -93.132620719, 16.774279546000095 ], [ -93.131489579999936, 16.775591110000065 ], [ -93.1306029899999, 16.774822574000133 ], [ -93.13016371, 16.774441780000075 ], [ -93.130182829999967, 16.774357571000039 ], [ -93.13025467999995, 16.774053420000044 ], [ -93.131907806999962, 16.773654481000083 ] ] ] } },
{ "type": "Feature", "properties": { "colonia_final": "El Sabinito" }, "geometry": { "type": "Polygon", "coordinates": [ [ [ -93.102649029999967, 16.739744750000057 ], [ -93.104049769999961, 16.739970030000048 ], [ -93.104736820000014, 16.740101332000098 ], [ -93.104890749999981, 16.740144820000076 ], [ -93.106019019999977, 16.746769570000041 ], [ -93.10584615, 16.747720280000067 ], [ -93.1037816, 16.747248350000074 ], [ -93.102658, 16.741423880000085 ], [ -93.102649029999967, 16.739744750000057 ] ] ] } },
{ "type": "Feature", "properties": { "colonia_final": "El Salvador" }, "geometry": { "type": "Polygon", "coordinates": [ [ [ -93.078196399999968, 16.735251400000067 ], [ -93.078525709999951, 16.735590290000061 ], [ -93.079038309999987, 16.737273 ], [ -93.078873279999982, 16.737800320000115 ], [ -93.07730928999996, 16.737230710000052 ], [ -93.075784369999951, 16.736625260000043 ], [ -93.07579594, 16.736527980000051 ], [ -93.075885449999987, 16.736468020000085 ], [ -93.076088379999987, 16.736361170000063 ], [ -93.077191251, 16.735780519000127 ], [ -93.077473219999902, 16.735632080000084 ], [ -93.078091552, 16.735306585000114 ], [ -93.078196399999968, 16.735251400000067 ] ] ] } },
{ "type": "Feature", "properties": { "colonia_final": "El Tizatillo" }, "geometry": { "type": "Polygon", "coordinates": [ [ [ -93.128373819999979, 16.762223420000062 ], [ -93.128433575, 16.762223720000112 ], [ -93.128612049999958, 16.762233570000024 ], [ -93.128651089999948, 16.762308620000073 ], [ -93.128693348, 16.762398114000113 ], [ -93.128753511, 16.762525530000104 ], [ -93.128852784999907, 16.762735799 ], [ -93.128941224999906, 16.762923121000021 ], [ -93.129038939999987, 16.763136830000064 ], [ -93.129187659999957, 16.763515090000066 ], [ -93.129527076, 16.764477261 ], [ -93.129553683, 16.764554355 ], [ -93.129565761, 16.764614728 ], [ -93.129621419999978, 16.764892970000059 ], [ -93.127874259999942, 16.763872310000071 ], [ -93.128044849999981, 16.762368540000086 ], [ -93.128373819999979, 16.762223420000062 ] ] ] } },
{ "type": "Feature", "properties": { "colonia_final": "El Valle" }, "geometry": { "type": "Polygon", "coordinates": [ [ [ -93.099592709999968, 16.771482460000076 ], [ -93.10278135, 16.772513880000083 ], [ -93.102754276, 16.772628213000093 ], [ -93.102720040999898, 16.772772737000018 ], [ -93.102598814000018, 16.773284482000062 ], [ -93.102430846999894, 16.77399347300009 ], [ -93.102413509999963, 16.774066630000057 ], [ -93.102379599999949, 16.774129910000063 ], [ -93.101018782, 16.773593560000133 ], [ -93.098927149999952, 16.772769150000055 ], [ -93.099592709999968, 16.771482460000076 ] ] ] } },
{ "type": "Feature", "properties": { "colonia_final": "El Vergel" }, "geometry": { "type": "Polygon", "coordinates": [ [ [ -93.093129369999986, 16.755536310000032 ], [ -93.094921889999966, 16.755871400000075 ], [ -93.095378169999947, 16.758303710000057 ], [ -93.094129629999941, 16.759888580000062 ], [ -93.09356022999998, 16.759960080000052 ], [ -93.092558309999959, 16.759388830000056 ], [ -93.090983199999982, 16.758319880000052 ], [ -93.09075796999997, 16.758012 ], [ -93.092566479999959, 16.755825830000049 ], [ -93.093129369999986, 16.755536310000032 ] ] ] } },
{ "type": "Feature", "properties": { "colonia_final": "El Zoque" }, "geometry": { "type": "Polygon", "coordinates": [ [ [ -93.132827369999973, 16.741867250000059 ], [ -93.13337354, 16.741984230000121 ], [ -93.133439631, 16.741998699000117 ], [ -93.1335023, 16.742015997000109 ], [ -93.133579551, 16.742037320000115 ], [ -93.134205134999917, 16.742210025000102 ], [ -93.134356139999966, 16.74225172000008 ], [ -93.13511651999994, 16.742488150000035 ], [ -93.135389919999966, 16.745276370000074 ], [ -93.135148833999907, 16.745240895000098 ], [ -93.133353915000015, 16.744899804000148 ], [ -93.132749819999958, 16.744775550000053 ], [ -93.132363969999972, 16.744151720000072 ], [ -93.132349379999937, 16.744080850000056 ], [ -93.13239566, 16.743801250000015 ], [ -93.132414979999965, 16.743684600000073 ], [ -93.13262346, 16.742616060000017 ], [ -93.132731429999978, 16.742208290000086 ], [ -93.132827369999973, 16.741867250000059 ] ] ] } },
{ "type": "Feature", "properties": { "colonia_final": "Electricista" }, "geometry": { "type": "Polygon", "coordinates": [ [ [ -93.08530221999996, 16.753374850000053 ], [ -93.090829518999954, 16.754548200000038 ], [ -93.090458398999942, 16.756648920000025 ], [ -93.090388779999955, 16.756664491000045 ], [ -93.088369049999983, 16.756800630000065 ], [ -93.084819749999951, 16.755591630000019 ], [ -93.084865879999938, 16.754947120000075 ], [ -93.084922689999985, 16.754451720000091 ], [ -93.084940199999949, 16.754377780000024 ], [ -93.084947993, 16.754355836000101 ], [ -93.08510401999996, 16.753916510000099 ], [ -93.08530221999996, 16.753374850000053 ] ] ] } },
{ "type": "Feature", "properties": { "colonia_final": "Elmar Seltzer" }, "geometry": { "type": "Polygon", "coordinates": [ [ [ -93.115660979999973, 16.785936280000048 ], [ -93.119108319999953, 16.786385400000029 ], [ -93.118680259999977, 16.787071230000063 ], [ -93.117720819999988, 16.788543540000038 ], [ -93.117031599999962, 16.788623740000034 ], [ -93.116993852999897, 16.788619254 ], [ -93.116861969, 16.788603568 ], [ -93.11644924999996, 16.788554480000069 ], [ -93.115660979999973, 16.785936280000048 ] ] ] } },
{ "type": "Feature", "properties": { "colonia_final": "Emejaca" }, "geometry": { "type": "Polygon", "coordinates": [ [ [ -93.059295568999971, 16.730193620000048 ], [ -93.05989053899998, 16.730299770000062 ], [ -93.06022255, 16.730492291000122 ], [ -93.060313678999989, 16.730546281000063 ], [ -93.060474878999969, 16.730647460000039 ], [ -93.060576798999989, 16.730718601000039 ], [ -93.059989479999956, 16.731516031000091 ], [ -93.059951249999983, 16.731563510000065 ], [ -93.059269974000017, 16.732177768000028 ], [ -93.058520168, 16.732853799999983 ], [ -93.058429019, 16.732935978000086 ], [ -93.058400939999956, 16.732961290000063 ], [ -93.056041649999941, 16.733940980000025 ], [ -93.058100749999937, 16.730635880000015 ], [ -93.059295568999971, 16.730193620000048 ] ] ] } },
{ "type": "Feature", "properties": { "colonia_final": "Emiliano Zapata" }, "geometry": { "type": "Polygon", "coordinates": [ [ [ -93.099990889999958, 16.741745200000036 ], [ -93.10084197, 16.742202020000054 ], [ -93.101543479999975, 16.742582060000082 ], [ -93.10155301, 16.74261901800001 ], [ -93.101498165999899, 16.742808084999989 ], [ -93.101481319999948, 16.742866120000048 ], [ -93.100648689999957, 16.745570860000058 ], [ -93.100359483, 16.745471688000123 ], [ -93.100131199000018, 16.745393401000115 ], [ -93.099984599999971, 16.745343120000037 ], [ -93.099184149999985, 16.745029370000051 ], [ -93.099875139999938, 16.742154400000082 ], [ -93.099958181, 16.741860821999971 ], [ -93.099990889999958, 16.741745200000036 ] ] ] } },
{ "type": "Feature", "properties": { "colonia_final": "Estrada" }, "geometry": { "type": "Polygon", "coordinates": [ [ [ -93.101259709999965, 16.777240770000059 ], [ -93.102096309999979, 16.77784349000007 ], [ -93.102075531, 16.77831946800011 ], [ -93.101778519999982, 16.781101850000056 ], [ -93.10165762, 16.781088090000015 ], [ -93.10142326, 16.78106141500011 ], [ -93.10122014, 16.781038290000019 ], [ -93.100830419999966, 16.780993920000078 ], [ -93.100836818999895, 16.780812971000078 ], [ -93.100844019999954, 16.780609370000032 ], [ -93.100903599999981, 16.779186490000026 ], [ -93.100906065999894, 16.779162520000103 ], [ -93.100918914, 16.779044471000113 ], [ -93.101013829999957, 16.77841389 ], [ -93.101182673000011, 16.777493564999986 ], [ -93.101259709999965, 16.777240770000059 ] ] ] } },
{ "type": "Feature", "properties": { "colonia_final": "Estrellas De Oriente" }, "geometry": { "type": "Polygon", "coordinates": [ [ [ -93.098927149999952, 16.772769150000055 ], [ -93.102379599999949, 16.774129910000063 ], [ -93.102368726, 16.774193244000116 ], [ -93.102280319000016, 16.774465452000111 ], [ -93.101172509999969, 16.776837860000086 ], [ -93.100732458, 16.77678335000012 ], [ -93.099033279999958, 16.77655620000008 ], [ -93.097668517999978, 16.776345118000066 ], [ -93.096642109999948, 16.775952601000039 ], [ -93.098927149999952, 16.772769150000055 ] ] ] } },
{ "type": "Feature", "properties": { "colonia_final": "Evolución Política Mexicana" }, "geometry": { "type": "Polygon", "coordinates": [ [ [ -93.066120429999955, 16.762232980000032 ], [ -93.066307945999895, 16.764447379 ], [ -93.066259945999946, 16.764748328000056 ], [ -93.065133273999962, 16.765924088000119 ], [ -93.06296188999994, 16.762370200000088 ], [ -93.064709169999958, 16.76228848000007 ], [ -93.066120429999955, 16.762232980000032 ] ] ] } },
{ "type": "Feature", "properties": { "colonia_final": "Flamboyant" }, "geometry": { "type": "Polygon", "coordinates": [ [ [ -93.149544659999947, 16.749378420000031 ], [ -93.149642625, 16.749386381 ], [ -93.151725829999975, 16.749598580000054 ], [ -93.152166154, 16.749654726000085 ], [ -93.152582509999945, 16.749773060000038 ], [ -93.153678849999949, 16.750291850000089 ], [ -93.152980629999945, 16.754311970000046 ], [ -93.152905779999969, 16.754567850000058 ], [ -93.150796659999969, 16.755380620000036 ], [ -93.149357339999938, 16.749501940000112 ], [ -93.149544659999947, 16.749378420000031 ] ] ] } },
{ "type": "Feature", "properties": { "colonia_final": "Flamingos" }, "geometry": { "type": "Polygon", "coordinates": [ [ [ -93.168963059999953, 16.75310968000003 ], [ -93.171606549999979, 16.753415570000094 ], [ -93.170413399999973, 16.757025310000078 ], [ -93.168468664, 16.756817904000087 ], [ -93.16611254999998, 16.756564170000068 ], [ -93.166136419999987, 16.754095950000032 ], [ -93.166139667, 16.753765325000106 ], [ -93.166141544, 16.753671660000112 ], [ -93.166144919999965, 16.753522910000097 ], [ -93.168963059999953, 16.75310968000003 ] ] ] } },
{ "type": "Feature", "properties": { "colonia_final": "Fovissste El Puente" }, "geometry": { "type": "Polygon", "coordinates": [ [ [ -93.162124949999964, 16.74670374000004 ], [ -93.162310619999971, 16.747019980000047 ], [ -93.162236379999968, 16.747789690000044 ], [ -93.162224049999963, 16.747833540000045 ], [ -93.161926849999986, 16.748413940000027 ], [ -93.161843799999986, 16.748411110000063 ], [ -93.160932079999895, 16.748349350000094 ], [ -93.160819109999977, 16.748341320000083 ], [ -93.160845379999955, 16.747120380000055 ], [ -93.160853219999979, 16.74682080000003 ], [ -93.160857649999969, 16.746734380000085 ], [ -93.162124949999964, 16.74670374000004 ] ] ] } },
{ "type": "Feature", "properties": { "colonia_final": "Fovissste Los Laureles" }, "geometry": { "type": "Polygon", "coordinates": [ [ [ -93.159746949999942, 16.757611490000055 ], [ -93.161261399999944, 16.758032650000104 ], [ -93.164553649999959, 16.759961220000012 ], [ -93.163283149999984, 16.76054817000006 ], [ -93.162244739999949, 16.76095678000009 ], [ -93.159186429999977, 16.761335120000062 ], [ -93.158951709999954, 16.761206710000067 ], [ -93.158863879999956, 16.760925420000053 ], [ -93.15884995, 16.760878220000059 ], [ -93.158808979999947, 16.760564680000094 ], [ -93.158826079999983, 16.760482720000024 ], [ -93.159746949999942, 16.757611490000055 ] ] ] } },
{ "type": "Feature", "properties": { "colonia_final": "Fovissste Paraíso" }, "geometry": { "type": "Polygon", "coordinates": [ [ [ -93.120374849999962, 16.770251750000106 ], [ -93.122350709999978, 16.770597550000026 ], [ -93.122335, 16.770798170000045 ], [ -93.12230175, 16.770947720000027 ], [ -93.121859519999987, 16.772793830000065 ], [ -93.120198889999983, 16.77317655000008 ], [ -93.119848339999976, 16.771537750000064 ], [ -93.119823229999952, 16.770593340000076 ], [ -93.11985679999998, 16.770333750000074 ], [ -93.120374849999962, 16.770251750000106 ] ] ] } },
{ "type": "Feature", "properties": { "colonia_final": "Fovissste Siglo Xxi" }, "geometry": { "type": "Polygon", "coordinates": [ [ [ -93.157077489999949, 16.744100660000086 ], [ -93.158444679999945, 16.744272280000096 ], [ -93.158449599999983, 16.744772350000027 ], [ -93.15834965, 16.745745740000089 ], [ -93.158216501999917, 16.746465819000012 ], [ -93.158193659999938, 16.746589350000065 ], [ -93.156839219999895, 16.746485580000119 ], [ -93.156712249999899, 16.746472104000091 ], [ -93.156026449999956, 16.746324430000058 ], [ -93.15606397, 16.745982250000083 ], [ -93.156076689999963, 16.745925740000082 ], [ -93.156838449999952, 16.74447075000008 ], [ -93.157077489999949, 16.744100660000086 ] ] ] } },
{ "type": "Feature", "properties": { "colonia_final": "Francisco I. Madero" }, "geometry": { "type": "Polygon", "coordinates": [ [ [ -93.093516679999937, 16.725111751000053 ], [ -93.094385598999963, 16.725266020000063 ], [ -93.101387139999986, 16.727386737000092 ], [ -93.101415091999968, 16.727415199000038 ], [ -93.104804679999972, 16.731317250000046 ], [ -93.105551829999968, 16.732206200000078 ], [ -93.101974679999955, 16.735349110000076 ], [ -93.101191229999984, 16.73521851000006 ], [ -93.10104881999996, 16.735188860000033 ], [ -93.100983186, 16.735166767000123 ], [ -93.100950858, 16.735155885 ], [ -93.100766275000012, 16.735093751000022 ], [ -93.100668865, 16.735059655000097 ], [ -93.100616783999897, 16.735035426000014 ], [ -93.100350309999953, 16.734911420000042 ], [ -93.098942919999956, 16.73411091 ], [ -93.095580179999956, 16.732184480000065 ], [ -93.093161089999967, 16.727946550000055 ], [ -93.093110147999894, 16.727723050000101 ], [ -93.093043319999936, 16.727092820000056 ], [ -93.093516679999937, 16.725111751000053 ] ] ] } },
{ "type": "Feature", "properties": { "colonia_final": "Fstse Chiapas" }, "geometry": { "type": "Polygon", "coordinates": [ [ [ -93.080792757999973, 16.727040747000061 ], [ -93.082895882999935, 16.727869921000021 ], [ -93.08334683, 16.72916129000005 ], [ -93.08323685, 16.72995778000007 ], [ -93.082733399999938, 16.729832850000033 ], [ -93.080457630999945, 16.728590706000052 ], [ -93.079140571, 16.727716585000078 ], [ -93.079146551, 16.727288456000117 ], [ -93.079148783999983, 16.727128663000038 ], [ -93.080617206999989, 16.727047668000107 ], [ -93.080647590999902, 16.727046470000115 ], [ -93.080761479, 16.727041980000013 ], [ -93.080792757999973, 16.727040747000061 ] ] ] } },
{ "type": "Feature", "properties": { "colonia_final": "Granja Uncil" }, "geometry": { "type": "Polygon", "coordinates": [ [ [ -93.108619259999955, 16.752539370000026 ], [ -93.111233909999953, 16.752944680000045 ], [ -93.111381278, 16.752972340999968 ], [ -93.111641436999903, 16.753021187000112 ], [ -93.111848027999898, 16.753059990000107 ], [ -93.11192078, 16.753073660000048 ], [ -93.111469889999967, 16.755368090000061 ], [ -93.11122942999998, 16.75619882000008 ], [ -93.111205419999976, 16.756200260000099 ], [ -93.107845689999976, 16.755563830000042 ], [ -93.10796702, 16.75505728000007 ], [ -93.108240279999961, 16.753966570000092 ], [ -93.108619259999955, 16.752539370000026 ] ] ] } },
{ "type": "Feature", "properties": { "colonia_final": "Grijalva" }, "geometry": { "type": "Polygon", "coordinates": [ [ [ -93.113078, 16.776386150000071 ], [ -93.114202836999894, 16.776586621000025 ], [ -93.114369049999937, 16.776616250000064 ], [ -93.114363369999978, 16.77686646000009 ], [ -93.114360889999944, 16.776936970000058 ], [ -93.114337979999959, 16.777236650000109 ], [ -93.114306219999946, 16.77763043000008 ], [ -93.113044719999948, 16.77738308000005 ], [ -93.113078, 16.776386150000071 ] ] ] } },
{ "type": "Feature", "properties": { "colonia_final": "Guadalupe" }, "geometry": { "type": "Polygon", "coordinates": [ [ [ -93.080239419999941, 16.732067230000059 ], [ -93.081713998999987, 16.732116751000042 ], [ -93.081908681, 16.732144331 ], [ -93.082376459999978, 16.732210601000084 ], [ -93.125594719999981, 16.755124880000082 ], [ -93.125156621, 16.759090237000077 ], [ -93.125133728, 16.759193029000116 ], [ -93.125078477, 16.759441108000011 ], [ -93.125059318, 16.759527126 ], [ -93.125042432, 16.759602935 ], [ -93.124963033999904, 16.759771497000017 ], [ -93.123022289999938, 16.759464400000056 ], [ -93.120373119999954, 16.758987050000041 ], [ -93.11985065, 16.75888702 ], [ -93.118006799999989, 16.758534 ], [ -93.081258979999973, 16.734273650000034 ], [ -93.080237399999987, 16.732121320000044 ], [ -93.080239419999941, 16.732067230000059 ] ] ] } },
{ "type": "Feature", "properties": { "colonia_final": "Haciendas De México" }, "geometry": { "type": "Polygon", "coordinates": [ [ [ -93.132963079, 16.76584915100004 ], [ -93.132989869, 16.765851323000017 ], [ -93.133050674999893, 16.765856254 ], [ -93.134619459999954, 16.765983490000053 ], [ -93.134674429999961, 16.766073140000071 ], [ -93.134727079999962, 16.766493980000078 ], [ -93.134575072, 16.7664809 ], [ -93.134453375, 16.766470421000086 ], [ -93.134273975, 16.766454973000112 ], [ -93.133976816, 16.766429384 ], [ -93.1338039769999, 16.766414499000113 ], [ -93.133628122999909, 16.766399354000011 ], [ -93.13336431, 16.766376633000078 ], [ -93.133300102, 16.766371103 ], [ -93.132898167999912, 16.76633648500011 ], [ -93.132830562, 16.76633066200003 ], [ -93.132792348999942, 16.766327370000056 ], [ -93.132963079, 16.76584915100004 ] ] ] } },
{ "type": "Feature", "properties": { "colonia_final": "Hechos Número Palabras" }, "geometry": { "type": "Polygon", "coordinates": [ [ [ -93.12918969499998, 16.779111841000031 ], [ -93.130635405999953, 16.779974693000042 ], [ -93.130970681999941, 16.780180133000087 ], [ -93.13083481, 16.780396203000127 ], [ -93.130609006, 16.780755287 ], [ -93.130383101999897, 16.781114529 ], [ -93.130315249999967, 16.781222430000089 ], [ -93.128743769999971, 16.779680451000026 ], [ -93.12918969499998, 16.779111841000031 ] ] ] } },
{ "type": "Feature", "properties": { "colonia_final": "Hidalgo" }, "geometry": { "type": "Polygon", "coordinates": [ [ [ -93.10182188999994, 16.751509950000052 ], [ -93.10195905999997, 16.751516120000069 ], [ -93.10515074999995, 16.751990550000084 ], [ -93.106960479999955, 16.75227402000009 ], [ -93.107026410999893, 16.752284486000136 ], [ -93.108118643999902, 16.752457894 ], [ -93.108161460000019, 16.752464753000034 ], [ -93.108523279999986, 16.752523690000054 ], [ -93.108383229999959, 16.753081250000037 ], [ -93.108181492999918, 16.753884144000018 ], [ -93.108180279999942, 16.753888970000084 ], [ -93.107770049999942, 16.755520860000072 ], [ -93.106490849999943, 16.758089260000073 ], [ -93.105691991999905, 16.758880178 ], [ -93.105534029999944, 16.759011350000069 ], [ -93.098627872999941, 16.759567196000052 ], [ -93.096234139999979, 16.75922932000006 ], [ -93.098333109999942, 16.752755120000057 ], [ -93.10182188999994, 16.751509950000052 ] ] ] } },
{ "type": "Feature", "properties": { "colonia_final": "Higo Quemado" }, "geometry": { "type": "Polygon", "coordinates": [ [ [ -93.158418459999965, 16.741651540000078 ], [ -93.160257849999937, 16.741727450000038 ], [ -93.16024785999997, 16.742096460000042 ], [ -93.160240326999897, 16.742157711000115 ], [ -93.160210769999935, 16.742397880000052 ], [ -93.160183139999958, 16.742458280000054 ], [ -93.160148966999898, 16.742488395000084 ], [ -93.158660769999983, 16.742719630000053 ], [ -93.158583919999955, 16.742700340000049 ], [ -93.158461649999936, 16.742440910000028 ], [ -93.158314119999943, 16.741927830000062 ], [ -93.158418459999965, 16.741651540000078 ] ] ] } },
{ "type": "Feature", "properties": { "colonia_final": "Huajintlán" }, "geometry": { "type": "Polygon", "coordinates": [ [ [ -93.093027819999975, 16.778412320000047 ], [ -93.093568199999893, 16.778469080000015 ], [ -93.094605109999975, 16.778589780000051 ], [ -93.094282109999938, 16.780813350000077 ], [ -93.091573049999965, 16.781486490000095 ], [ -93.091509519999988, 16.779954550000092 ], [ -93.091659579999941, 16.778826050000085 ], [ -93.092818109999939, 16.778449940000041 ], [ -93.093027819999975, 16.778412320000047 ] ] ] } },
{ "type": "Feature", "properties": { "colonia_final": "Ideal" }, "geometry": { "type": "Polygon", "coordinates": [ [ [ -93.116263369999956, 16.730806340000086 ], [ -93.116935889999979, 16.730909280000038 ], [ -93.116341259999956, 16.733760490000083 ], [ -93.11621969, 16.7335570300001 ], [ -93.115942679999989, 16.733077120000058 ], [ -93.115858719999949, 16.732917450000031 ], [ -93.115868459999945, 16.732118860000085 ], [ -93.115897635, 16.731931577000108 ], [ -93.115932289999989, 16.731709150000047 ], [ -93.115976927, 16.73153656500012 ], [ -93.116007521, 16.731451543999981 ], [ -93.116114049999965, 16.731179580000067 ], [ -93.116210775999903, 16.730937802 ], [ -93.116263369999956, 16.730806340000086 ] ] ] } },
{ "type": "Feature", "properties": { "colonia_final": "Ideal Ii" }, "geometry": { "type": "Polygon", "coordinates": [ [ [ -93.117274819999977, 16.728121950000048 ], [ -93.117914944999939, 16.728181022000065 ], [ -93.118312231999894, 16.728259941 ], [ -93.118401509, 16.728280813 ], [ -93.118949868, 16.72842308300012 ], [ -93.119020507999906, 16.72844673100014 ], [ -93.119524998999978, 16.728615621000056 ], [ -93.119325579999952, 16.729313760000036 ], [ -93.116946719999987, 16.730828280000036 ], [ -93.116284539999981, 16.730743770000078 ], [ -93.11659248999996, 16.729903980000067 ], [ -93.116912049999939, 16.729042770000071 ], [ -93.117077369999947, 16.728617520000075 ], [ -93.117105279999976, 16.728545830000026 ], [ -93.117274819999977, 16.728121950000048 ] ] ] } },
{ "type": "Feature", "properties": { "colonia_final": "Industrial" }, "geometry": { "type": "Polygon", "coordinates": [ [ [ -93.06273170999998, 16.733949430000063 ], [ -93.070538349999936, 16.735907890000025 ], [ -93.070298109999953, 16.737535510000068 ], [ -93.068266889999961, 16.739416460000054 ], [ -93.066425149999986, 16.739987660000079 ], [ -93.061454349999963, 16.73666365 ], [ -93.061938579999946, 16.734778060000082 ], [ -93.061974579999969, 16.734712620000025 ], [ -93.06273170999998, 16.733949430000063 ] ] ] } },
{ "type": "Feature", "properties": { "colonia_final": "Infonavit El Rosario" }, "geometry": { "type": "Polygon", "coordinates": [ [ [ -93.085848579999947, 16.763305880000111 ], [ -93.086186509999948, 16.763385380000063 ], [ -93.087218434999954, 16.763642788000038 ], [ -93.08787751999995, 16.763816940000027 ], [ -93.090686249999976, 16.7645901500001 ], [ -93.090665229999956, 16.764661310000097 ], [ -93.089775939999981, 16.767101890000013 ], [ -93.089626449999969, 16.767491030000066 ], [ -93.089273979999973, 16.768399950000049 ], [ -93.08904312, 16.76834517000006 ], [ -93.08787185999995, 16.768061460000062 ], [ -93.087481579999974, 16.767964460000037 ], [ -93.085869919999951, 16.767560970000055 ], [ -93.085547289999965, 16.767479290000036 ], [ -93.08505630999997, 16.767342 ], [ -93.084507119999955, 16.767167750000056 ], [ -93.085268739999947, 16.764595910000036 ], [ -93.085848579999947, 16.763305880000111 ] ] ] } },
{ "type": "Feature", "properties": { "colonia_final": "Infonavit Grijalva" }, "geometry": { "type": "Polygon", "coordinates": [ [ [ -93.092464689999986, 16.760153850000052 ], [ -93.09326717, 16.760471940000087 ], [ -93.093378623, 16.760516569000107 ], [ -93.093478149, 16.760556423000015 ], [ -93.094968719999954, 16.761153310000108 ], [ -93.095042909999961, 16.761298820000043 ], [ -93.092205109999952, 16.769192340000082 ], [ -93.091161739999961, 16.768911400000036 ], [ -93.09079631, 16.768812990000107 ], [ -93.089423849999946, 16.768443350000044 ], [ -93.089438618, 16.768397964000027 ], [ -93.089457019999941, 16.768341460000055 ], [ -93.091475709999941, 16.762818020000051 ], [ -93.0915045899999, 16.762739078000028 ], [ -93.092286053999914, 16.760602995000106 ], [ -93.092312509999942, 16.760530680000027 ], [ -93.092464689999986, 16.760153850000052 ] ] ] } },
{ "type": "Feature", "properties": { "colonia_final": "Infonavit Los Laguitos" }, "geometry": { "type": "Polygon", "coordinates": [ [ [ -93.147911369999974, 16.761008400000012 ], [ -93.14930329, 16.761225350000096 ], [ -93.149556479999902, 16.761290926000072 ], [ -93.14978029, 16.761348903000094 ], [ -93.149855148, 16.761372812000026 ], [ -93.150315649999982, 16.761522030000044 ], [ -93.15227804999995, 16.762303340000074 ], [ -93.15277851999997, 16.764637310000072 ], [ -93.152695859999938, 16.765008150000032 ], [ -93.15215385, 16.767173580000094 ], [ -93.150188059999962, 16.769777090000112 ], [ -93.148520859999962, 16.77016798000005 ], [ -93.14842804999995, 16.77015791000002 ], [ -93.14755037, 16.770055520000049 ], [ -93.147471649999943, 16.763528280000056 ], [ -93.147911369999974, 16.761008400000012 ] ] ] } },
{ "type": "Feature", "properties": { "colonia_final": "Insurgentes" }, "geometry": { "type": "Polygon", "coordinates": [ [ [ -93.069704709999939, 16.755549890000076 ], [ -93.069887739999956, 16.757558280000069 ], [ -93.069548819999966, 16.759324310000082 ], [ -93.066407779999963, 16.759390780000054 ], [ -93.065959289999981, 16.759390480000047 ], [ -93.065397619999942, 16.759361110000057 ], [ -93.065328779999959, 16.758931920000073 ], [ -93.065218849999951, 16.757901950000075 ], [ -93.065188732, 16.757379302999976 ], [ -93.065173778, 16.757119797 ], [ -93.065163449999943, 16.756940510000064 ], [ -93.06511071999995, 16.755889200000066 ], [ -93.065570079999986, 16.755845660000045 ], [ -93.06789926, 16.755669720000085 ], [ -93.069704709999939, 16.755549890000076 ] ] ] } },
{ "type": "Feature", "properties": { "colonia_final": "Issste" }, "geometry": { "type": "Polygon", "coordinates": [ [ [ -93.131740717, 16.749807062999988 ], [ -93.131792379999979, 16.749819280000054 ], [ -93.131740549999975, 16.750033090000034 ], [ -93.1306904, 16.753743230000058 ], [ -93.130597397, 16.753748760000089 ], [ -93.130253628, 16.753769198999979 ], [ -93.130116661, 16.753777329000119 ], [ -93.13009556999998, 16.75377858000007 ], [ -93.130043769999986, 16.753781080000085 ], [ -93.129260244999898, 16.753807219000116 ], [ -93.12922113999997, 16.753808520000081 ], [ -93.12855405, 16.75226234000008 ], [ -93.12845877999996, 16.750003260000035 ], [ -93.130047709999985, 16.749906090000032 ], [ -93.131740717, 16.749807062999988 ] ] ] } },
{ "type": "Feature", "properties": { "colonia_final": "Jardines De Buenavista" }, "geometry": { "type": "Polygon", "coordinates": [ [ [ -93.154054368999937, 16.742890350000046 ], [ -93.155513018999955, 16.743095400000065 ], [ -93.155441138999947, 16.743977510000043 ], [ -93.154231119999963, 16.743404481000049 ], [ -93.154054368999937, 16.742890350000046 ] ] ] } },
{ "type": "Feature", "properties": { "colonia_final": "Jardines De La Montaña" }, "geometry": { "type": "Polygon", "coordinates": [ [ [ -93.119534459999954, 16.728582571000086 ], [ -93.119325579999952, 16.729313760000036 ], [ -93.119465669999954, 16.728823300000105 ], [ -93.119524998999978, 16.728615621000056 ], [ -93.119534459999954, 16.728582571000086 ] ] ] } },
{ "type": "Feature", "properties": { "colonia_final": "Jardines De Tuxtla" }, "geometry": { "type": "Polygon", "coordinates": [ [ [ -93.148406419999958, 16.75544511000005 ], [ -93.15501753999996, 16.75588263000002 ], [ -93.1528373, 16.758584230000093 ], [ -93.15283261999997, 16.758588770000078 ], [ -93.152340478, 16.758820597000106 ], [ -93.152337489999979, 16.758822 ], [ -93.151593219999938, 16.759142570000034 ], [ -93.151544619999981, 16.759149480000083 ], [ -93.149500879999948, 16.758912280000068 ], [ -93.147510849999946, 16.757638680000081 ], [ -93.147494419999987, 16.757500200000035 ], [ -93.148406419999958, 16.75544511000005 ] ] ] } },
{ "type": "Feature", "properties": { "colonia_final": "Jardines Del Norte" }, "geometry": { "type": "Polygon", "coordinates": [ [ [ -93.110959249999951, 16.79685831000004 ], [ -93.111346799999978, 16.796979140000072 ], [ -93.112284169999953, 16.797398080000033 ], [ -93.114264399999968, 16.798499890000084 ], [ -93.11477014999997, 16.798997600000046 ], [ -93.114630149999982, 16.800733820000048 ], [ -93.110620179999955, 16.800428630000045 ], [ -93.110915179999964, 16.797263230000073 ], [ -93.110946791999893, 16.796972742999973 ], [ -93.110959249999951, 16.79685831000004 ] ] ] } },
{ "type": "Feature", "properties": { "colonia_final": "Jardines Del Pedregal" }, "geometry": { "type": "Polygon", "coordinates": [ [ [ -93.087015709999946, 16.767959260000115 ], [ -93.089049629999977, 16.768429140000016 ], [ -93.089295879999952, 16.768488430000058 ], [ -93.088691884, 16.773163823000093 ], [ -93.088516919999961, 16.77445662000002 ], [ -93.088115673999937, 16.775947964000075 ], [ -93.087800108999943, 16.776721021000061 ], [ -93.087067019999949, 16.778434710000045 ], [ -93.086954119999973, 16.778647220000035 ], [ -93.086302979999971, 16.779690630000076 ], [ -93.085088564999978, 16.78144116100006 ], [ -93.084841319, 16.781714521000019 ], [ -93.084841318999963, 16.781714521000055 ], [ -93.084545248999973, 16.781842515000079 ], [ -93.083005804999985, 16.780513928000062 ], [ -93.081428811999956, 16.779067203000114 ], [ -93.081356979999953, 16.778769720000078 ], [ -93.081361019999974, 16.778666650000073 ], [ -93.087015709999946, 16.767959260000115 ] ] ] } },
{ "type": "Feature", "properties": { "colonia_final": "Jardines Del Sur" }, "geometry": { "type": "Polygon", "coordinates": [ [ [ -93.13593726, 16.739681140000059 ], [ -93.134970719999956, 16.74087034000009 ], [ -93.13343851999997, 16.739921630000016 ], [ -93.13365368999996, 16.739682180000017 ], [ -93.13593726, 16.739681140000059 ] ] ] } },
{ "type": "Feature", "properties": { "colonia_final": "Jardín Colonial" }, "geometry": { "type": "Polygon", "coordinates": [ [ [ -93.168715199999966, 16.758680540000071 ], [ -93.169022091, 16.75874763200002 ], [ -93.170228758, 16.759015859000016 ], [ -93.170998749999967, 16.759189290000062 ], [ -93.168817059999981, 16.760342490000049 ], [ -93.16877427999998, 16.76035129000012 ], [ -93.168683979999969, 16.759780140000025 ], [ -93.168683493999907, 16.759761353 ], [ -93.168715199999966, 16.758680540000071 ] ] ] } },
{ "type": "Feature", "properties": { "colonia_final": "Jardín De Las Flores" }, "geometry": { "type": "Polygon", "coordinates": [ [ [ -93.129148380999936, 16.773601259000039 ], [ -93.129227556, 16.773791871000093 ], [ -93.129352892, 16.774093616000101 ], [ -93.129408030999969, 16.774226363000036 ], [ -93.127264949999983, 16.775210060000088 ], [ -93.126025649999974, 16.774471460000022 ], [ -93.128220501999976, 16.773717191000081 ], [ -93.129148380999936, 16.773601259000039 ] ] ] } },
{ "type": "Feature", "properties": { "colonia_final": "José Castillo Tielmans" }, "geometry": { "type": "Polygon", "coordinates": [ [ [ -93.078418109999973, 16.742192320000076 ], [ -93.081392689999973, 16.742286570000047 ], [ -93.081462339999973, 16.742292180000046 ], [ -93.082528719999971, 16.742925480000082 ], [ -93.08253751999996, 16.743010450000032 ], [ -93.082486399999937, 16.743520740000072 ], [ -93.082426059999989, 16.744122720000068 ], [ -93.082381354999896, 16.744559403000018 ], [ -93.082379719999949, 16.744575370000064 ], [ -93.082371689999945, 16.74464525000009 ], [ -93.082192019999979, 16.746194830000036 ], [ -93.082162019999956, 16.746453200000079 ], [ -93.082073339999965, 16.747071830000092 ], [ -93.079775379999944, 16.746673260000033 ], [ -93.078759810999898, 16.746486365000084 ], [ -93.078183606, 16.746379332000107 ], [ -93.077967859999958, 16.746325120000037 ], [ -93.078034919999936, 16.744668650000076 ], [ -93.078072599999985, 16.743868970000044 ], [ -93.078418109999973, 16.742192320000076 ] ] ] } },
{ "type": "Feature", "properties": { "colonia_final": "Joyas Del Campestre" }, "geometry": { "type": "Polygon", "coordinates": [ [ [ -93.195149748999938, 16.746193355000081 ], [ -93.195755, 16.746520630000102 ], [ -93.196030784, 16.746677210000051 ], [ -93.197106079999969, 16.747295420000089 ], [ -93.197104859999968, 16.74934832000007 ], [ -93.19701613999996, 16.749444 ], [ -93.195146976999979, 16.749539087000056 ], [ -93.194929418999948, 16.74880504200009 ], [ -93.195039201999975, 16.746288230000079 ], [ -93.195149748999938, 16.746193355000081 ] ] ] } },
{ "type": "Feature", "properties": { "colonia_final": "Joyas Del Oriente" }, "geometry": { "type": "Polygon", "coordinates": [ [ [ -93.113501799999938, 16.730642600000046 ], [ -93.114420707, 16.730736857000149 ], [ -93.114545735999968, 16.730749682000088 ], [ -93.114639849999946, 16.734366490000038 ], [ -93.114236089999963, 16.734805120000019 ], [ -93.114135479999959, 16.734362460000042 ], [ -93.114079919999938, 16.734066030000058 ], [ -93.11379974, 16.732504020000036 ], [ -93.113501799999938, 16.730642600000046 ] ] ] } },
{ "type": "Feature", "properties": { "colonia_final": "Julio César Ruiz Ferro" }, "geometry": { "type": "Polygon", "coordinates": [ [ [ -93.109606979999967, 16.791770120000056 ], [ -93.11010048, 16.79180275 ], [ -93.110520599999973, 16.79185732000008 ], [ -93.111046489999978, 16.791958650000044 ], [ -93.111169769999904, 16.79198377000009 ], [ -93.11136234, 16.792023020000112 ], [ -93.11140957, 16.792032650000071 ], [ -93.11142471999996, 16.792035740000067 ], [ -93.111518799999942, 16.792090200000075 ], [ -93.111885909999955, 16.792317880000066 ], [ -93.11316085, 16.793164310000073 ], [ -93.113528029999941, 16.793418830000064 ], [ -93.113643709999963, 16.794037940000074 ], [ -93.113716618999945, 16.795881 ], [ -93.113464664999981, 16.796868624000091 ], [ -93.113415497999938, 16.796902978000041 ], [ -93.112786280999956, 16.796829096000085 ], [ -93.111412849999965, 16.796597350000091 ], [ -93.111105429999952, 16.796476570000049 ], [ -93.110615339999981, 16.796272 ], [ -93.10926016999997, 16.795546830000038 ], [ -93.10951536999994, 16.792673340000025 ], [ -93.109606979999967, 16.791770120000056 ] ] ] } },
{ "type": "Feature", "properties": { "colonia_final": "Juy-Juy" }, "geometry": { "type": "Polygon", "coordinates": [ [ [ -93.125701549999974, 16.760095850000038 ], [ -93.129836289999957, 16.76078348000005 ], [ -93.129350149999937, 16.763118370000043 ], [ -93.129335235, 16.763187875000021 ], [ -93.12929643, 16.7633686140001 ], [ -93.129256459999965, 16.763460850000051 ], [ -93.12781334999994, 16.763875950000074 ], [ -93.127628285000014, 16.763848135 ], [ -93.127158349999945, 16.763777480000037 ], [ -93.12519261999995, 16.763203940000054 ], [ -93.125356769999939, 16.762051180000068 ], [ -93.125541219999945, 16.760847320000071 ], [ -93.12566014, 16.760202465000113 ], [ -93.125701549999974, 16.760095850000038 ] ] ] } },
{ "type": "Feature", "properties": { "colonia_final": "La Arbolada" }, "geometry": { "type": "Polygon", "coordinates": [ [ [ -93.17454668, 16.764426460000021 ], [ -93.17672381999995, 16.764988430000088 ], [ -93.176566819999948, 16.765794370000041 ], [ -93.175676419999945, 16.765815680000074 ], [ -93.175639690999901, 16.765803070999986 ], [ -93.17538846, 16.765716779999977 ], [ -93.175270909999895, 16.76566454 ], [ -93.174978709999905, 16.765521830000083 ], [ -93.17471062, 16.76539089 ], [ -93.174424910000013, 16.765251340000116 ], [ -93.174363459999938, 16.76522132 ], [ -93.17440948, 16.765021660000102 ], [ -93.17452529, 16.764519220000075 ], [ -93.17454668, 16.764426460000021 ] ] ] } },
{ "type": "Feature", "properties": { "colonia_final": "La Azteca" }, "geometry": { "type": "Polygon", "coordinates": [ [ [ -93.067557378999936, 16.730988740000029 ], [ -93.067643799999985, 16.731000090000077 ], [ -93.068229203, 16.731221730000112 ], [ -93.068423199999984, 16.731295800000062 ], [ -93.068482619999941, 16.731321350000066 ], [ -93.068741450999909, 16.73143719600014 ], [ -93.068822919999945, 16.731473660000074 ], [ -93.068880449999938, 16.731502570000011 ], [ -93.069064146999906, 16.731595164000101 ], [ -93.070783259999985, 16.732486630000029 ], [ -93.07167316999994, 16.732956920000053 ], [ -93.071723379, 16.733021631000067 ], [ -93.070904148999944, 16.735983170000065 ], [ -93.068989689999981, 16.736345140000044 ], [ -93.06792, 16.736124650000047 ], [ -93.066933419999941, 16.735792770000106 ], [ -93.065203369999949, 16.734776890000052 ], [ -93.065373659999977, 16.734196780000079 ], [ -93.065948059999982, 16.732976480000062 ], [ -93.066545279999957, 16.731726680000058 ], [ -93.067557378999936, 16.730988740000029 ] ] ] } },
{ "type": "Feature", "properties": { "colonia_final": "La Cima" }, "geometry": { "type": "Polygon", "coordinates": [ [ [ -93.15337704999996, 16.736087460000029 ], [ -93.155395121, 16.736659396000103 ], [ -93.155861689999938, 16.736798050000086 ], [ -93.156036339999957, 16.737655370000038 ], [ -93.155885290999947, 16.73910533700009 ], [ -93.152468749999969, 16.738655170000136 ], [ -93.152269519999948, 16.738627220000087 ], [ -93.152264569999943, 16.738227830000042 ], [ -93.152470509999944, 16.736765910000059 ], [ -93.152861549999955, 16.736347350000084 ], [ -93.15337704999996, 16.736087460000029 ] ] ] } },
{ "type": "Feature", "properties": { "colonia_final": "La Condesa" }, "geometry": { "type": "Polygon", "coordinates": [ [ [ -93.121358379999947, 16.781996660000058 ], [ -93.121814649999976, 16.782045660000094 ], [ -93.12382139999994, 16.782479280000075 ], [ -93.123774649999973, 16.783824180000039 ], [ -93.121524549999961, 16.788762510000048 ], [ -93.120446909999941, 16.790079280000043 ], [ -93.118155879999961, 16.790520690000051 ], [ -93.116965264999976, 16.789920097000049 ], [ -93.11682654, 16.789838980000066 ], [ -93.11678201999996, 16.789803660000093 ], [ -93.116411709999966, 16.78921798000005 ], [ -93.116379749999965, 16.789155400000052 ], [ -93.116372879999972, 16.788899450000049 ], [ -93.116377889999967, 16.788845150000039 ], [ -93.116401219999943, 16.788592770000033 ], [ -93.121358379999947, 16.781996660000058 ] ] ] } },
{ "type": "Feature", "properties": { "colonia_final": "La Cueva Del Jaguar" }, "geometry": { "type": "Polygon", "coordinates": [ [ [ -93.07894974, 16.7320554500001 ], [ -93.079048459999967, 16.73205688000008 ], [ -93.08008406, 16.73213446000009 ], [ -93.080094407000018, 16.732365254000097 ], [ -93.080146369999966, 16.73416334000008 ], [ -93.080070289999981, 16.734157120000084 ], [ -93.078622377, 16.734007082000105 ], [ -93.07853098, 16.733964910000061 ], [ -93.07894974, 16.7320554500001 ] ] ] } },
{ "type": "Feature", "properties": { "colonia_final": "La Esmeralda" }, "geometry": { "type": "Polygon", "coordinates": [ [ [ -93.154612419999978, 16.757704770000014 ], [ -93.154214779999961, 16.762680660000058 ], [ -93.154156407, 16.762672393999981 ], [ -93.154010713, 16.762651756 ], [ -93.153055219999942, 16.762398770000061 ], [ -93.154528539999944, 16.75777348000004 ], [ -93.154612419999978, 16.757704770000014 ] ] ] } },
{ "type": "Feature", "properties": { "colonia_final": "La Esperanza" }, "geometry": { "type": "Polygon", "coordinates": [ [ [ -93.090482961999953, 16.79159517200004 ], [ -93.092080844, 16.791775104000092 ], [ -93.092670249999969, 16.79184352000005 ], [ -93.095007969999983, 16.793533980000081 ], [ -93.095620629999985, 16.794572890000037 ], [ -93.09580933999996, 16.794897520000077 ], [ -93.094329949999974, 16.794876320000089 ], [ -93.092343879999987, 16.794639030000031 ], [ -93.091351778999979, 16.794464110999989 ], [ -93.089693417, 16.792803011000068 ], [ -93.090117167999949, 16.792021406000078 ], [ -93.090482961999953, 16.79159517200004 ] ] ] } },
{ "type": "Feature", "properties": { "colonia_final": "La Floresta" }, "geometry": { "type": "Polygon", "coordinates": [ [ [ -93.067579538999951, 16.746145891 ], [ -93.069007478999936, 16.751558710000037 ], [ -93.069193488999986, 16.752525077000023 ], [ -93.068335181999942, 16.752594423000069 ], [ -93.066538649999984, 16.747664920000055 ], [ -93.06648448, 16.74750418 ], [ -93.066425949999939, 16.747330491000078 ], [ -93.066697848999979, 16.746824170000021 ], [ -93.067579538999951, 16.746145891 ] ] ] } },
{ "type": "Feature", "properties": { "colonia_final": "La Gloria" }, "geometry": { "type": "Polygon", "coordinates": [ [ [ -93.142903710999974, 16.742028798000032 ], [ -93.181569429999968, 16.754241770000025 ], [ -93.181568516999903, 16.754367839000107 ], [ -93.181561059999979, 16.755393170000069 ], [ -93.174488199999985, 16.75953018000007 ], [ -93.127873619999946, 16.765162820000036 ], [ -93.127479679999979, 16.765124830000037 ], [ -93.127012549999961, 16.765068150000062 ], [ -93.12711971, 16.764123150000092 ], [ -93.127144491, 16.763904638000017 ], [ -93.12714847999996, 16.76386951000006 ], [ -93.142903710999974, 16.742028798000032 ] ] ] } },
{ "type": "Feature", "properties": { "colonia_final": "La Herradura" }, "geometry": { "type": "Polygon", "coordinates": [ [ [ -93.178735289999963, 16.755270450000079 ], [ -93.178485119999948, 16.75847751000002 ], [ -93.178402397, 16.758579414 ], [ -93.178362002, 16.758615409000104 ], [ -93.178309939999977, 16.758656980000097 ], [ -93.178259579999974, 16.75869718000008 ], [ -93.178218027, 16.758730346000089 ], [ -93.178188309999896, 16.75875275500001 ], [ -93.178117373, 16.758789761000084 ], [ -93.178002589, 16.758849640000044 ], [ -93.1779592299999, 16.758872258000082 ], [ -93.177886062999917, 16.758899024000108 ], [ -93.177848479, 16.758910186000062 ], [ -93.177671556999897, 16.758962727000025 ], [ -93.177646119, 16.75896467500008 ], [ -93.177604459999941, 16.758965680000074 ], [ -93.177434351, 16.758969712000116 ], [ -93.177360226999895, 16.758970667 ], [ -93.177274219, 16.758968144000118 ], [ -93.177202569, 16.758966042000125 ], [ -93.177137734, 16.758962025000088 ], [ -93.177062252, 16.758949993 ], [ -93.176877439, 16.758920532000019 ], [ -93.176821249999989, 16.758911570000098 ], [ -93.176748229999987, 16.758897170000079 ], [ -93.17645408999995, 16.758825200000047 ], [ -93.175345296, 16.758553677000116 ], [ -93.174917149999942, 16.75844883000012 ], [ -93.175069249, 16.757809529 ], [ -93.175361309999971, 16.756582110000089 ], [ -93.175579829999947, 16.755664030000023 ], [ -93.175706749999961, 16.755647290000091 ], [ -93.176241012, 16.755576994 ], [ -93.178159149999942, 16.755338550000051 ], [ -93.178257666, 16.7553269040001 ], [ -93.178451044, 16.755304044000106 ], [ -93.178630117999901, 16.755282875 ], [ -93.178735289999963, 16.755270450000079 ] ] ] } },
{ "type": "Feature", "properties": { "colonia_final": "La Ilusión" }, "geometry": { "type": "Polygon", "coordinates": [ [ [ -93.076780819999968, 16.756574460000031 ], [ -93.078658709999956, 16.758327570000059 ], [ -93.078701089999981, 16.758468740000072 ], [ -93.078112549999958, 16.760430830000061 ], [ -93.077639799999986, 16.760294720000044 ], [ -93.076428629999953, 16.75973254000008 ], [ -93.076780819999968, 16.756574460000031 ] ] ] } },
{ "type": "Feature", "properties": { "colonia_final": "La Joya" }, "geometry": { "type": "Polygon", "coordinates": [ [ [ -93.120780969999942, 16.766383570000063 ], [ -93.120821429999978, 16.766413200000066 ], [ -93.121847399999979, 16.767305180000058 ], [ -93.121870779999938, 16.76734694000006 ], [ -93.122641779999981, 16.769209570000065 ], [ -93.12262404999997, 16.76936089000003 ], [ -93.121151619999978, 16.769521230000073 ], [ -93.120315079999955, 16.766485820000064 ], [ -93.120780969999942, 16.766383570000063 ] ] ] } },
{ "type": "Feature", "properties": { "colonia_final": "La Llave" }, "geometry": { "type": "Polygon", "coordinates": [ [ [ -93.116794983, 16.767074286 ], [ -93.116873181999907, 16.767076323 ], [ -93.117150604999907, 16.767085457000107 ], [ -93.117254251, 16.767088870000141 ], [ -93.117309379999938, 16.767090690000025 ], [ -93.117415979999976, 16.767568370000074 ], [ -93.117589169999974, 16.768442230000073 ], [ -93.117652179999936, 16.769310200000092 ], [ -93.116976480999895, 16.769261653000079 ], [ -93.116838249999944, 16.769251720000092 ], [ -93.116539889999956, 16.768529520000083 ], [ -93.116335619999973, 16.767116280000049 ], [ -93.116404509999896, 16.767109975 ], [ -93.116781859999904, 16.767075480000088 ], [ -93.116794983, 16.767074286 ] ] ] } },
{ "type": "Feature", "properties": { "colonia_final": "La Lomita" }, "geometry": { "type": "Polygon", "coordinates": [ [ [ -93.12667845, 16.745112140000064 ], [ -93.12737919999995, 16.74523618000007 ], [ -93.129015219999985, 16.752312480000093 ], [ -93.129115829999989, 16.753746030000077 ], [ -93.129176179999945, 16.754613720000091 ], [ -93.128361787, 16.754772158000105 ], [ -93.127608892999902, 16.754847259000012 ], [ -93.126530369999955, 16.754859060000079 ], [ -93.126438059999941, 16.751472290000017 ], [ -93.126535089999948, 16.745690400000061 ], [ -93.126584594999898, 16.745482348000095 ], [ -93.126605511, 16.745397964999977 ], [ -93.126642921, 16.745251366000097 ], [ -93.12667845, 16.745112140000064 ] ] ] } },
{ "type": "Feature", "properties": { "colonia_final": "La Misión" }, "geometry": { "type": "Polygon", "coordinates": [ [ [ -93.071212762999949, 16.73701477 ], [ -93.072207019999951, 16.73702574000005 ], [ -93.07410251999994, 16.737126030000052 ], [ -93.076725349999947, 16.737341940000046 ], [ -93.07689591899998, 16.741549711000054 ], [ -93.072422399999937, 16.741497350000074 ], [ -93.0721519209999, 16.741423032000096 ], [ -93.071611429999962, 16.741240020000063 ], [ -93.067573249999953, 16.738996880000062 ], [ -93.070395058999964, 16.737330631000081 ], [ -93.071212762999949, 16.73701477 ] ] ] } },
{ "type": "Feature", "properties": { "colonia_final": "La Moderna" }, "geometry": { "type": "Polygon", "coordinates": [ [ [ -93.088664259999973, 16.740473140000095 ], [ -93.088697745, 16.740479259 ], [ -93.08873848, 16.740489480000122 ], [ -93.088845598, 16.74051814900001 ], [ -93.090400173, 16.740934262000117 ], [ -93.090583179999953, 16.74098325000007 ], [ -93.090834479999955, 16.741060780000065 ], [ -93.090754187999906, 16.7415048 ], [ -93.090738425, 16.741591964000108 ], [ -93.090706293, 16.741769637000097 ], [ -93.090693629999976, 16.741839620000057 ], [ -93.088749349999944, 16.741661200000063 ], [ -93.087800229999971, 16.741381370000056 ], [ -93.087840529999895, 16.740975264000035 ], [ -93.087844879999977, 16.740931450000033 ], [ -93.088664259999973, 16.740473140000095 ] ] ] } },
{ "type": "Feature", "properties": { "colonia_final": "La Pimienta" }, "geometry": { "type": "Polygon", "coordinates": [ [ [ -93.110064919999957, 16.761052250000038 ], [ -93.110210751, 16.76107546300009 ], [ -93.110514064, 16.761123748 ], [ -93.110968679999985, 16.761196120000061 ], [ -93.111095829999954, 16.761216490000056 ], [ -93.112895569999978, 16.761585230000026 ], [ -93.114438048999901, 16.76190128000011 ], [ -93.114552229999958, 16.761924680000039 ], [ -93.114203939999982, 16.763801430000054 ], [ -93.113824719999968, 16.765770570000043 ], [ -93.113218654, 16.768812672 ], [ -93.11252350999996, 16.77156928000003 ], [ -93.105246479999948, 16.769969660000076 ], [ -93.103649139999959, 16.769069030000058 ], [ -93.1042642, 16.767463450000026 ], [ -93.110064919999957, 16.761052250000038 ] ] ] } },
{ "type": "Feature", "properties": { "colonia_final": "La Reliquia" }, "geometry": { "type": "Polygon", "coordinates": [ [ [ -93.158664079999937, 16.733802540000056 ], [ -93.159834719999935, 16.733918890000044 ], [ -93.164283219999959, 16.73508743 ], [ -93.163102, 16.737048250000061 ], [ -93.160691339999971, 16.737062490000032 ], [ -93.160346309999966, 16.737021710000025 ], [ -93.158406289999959, 16.73665577000002 ], [ -93.15732832, 16.736160860000037 ], [ -93.157382779999978, 16.734327290000056 ], [ -93.157449949999943, 16.733998520000053 ], [ -93.158664079999937, 16.733802540000056 ] ] ] } },
{ "type": "Feature", "properties": { "colonia_final": "La Salle" }, "geometry": { "type": "Polygon", "coordinates": [ [ [ -93.086447889999988, 16.741728710000057 ], [ -93.088609739999981, 16.742636380000022 ], [ -93.089467779999964, 16.743434140000048 ], [ -93.089912089999984, 16.744478460000064 ], [ -93.090024549999953, 16.744878090000068 ], [ -93.090009089999967, 16.744944520000047 ], [ -93.08945510999996, 16.745311370000035 ], [ -93.08753274999998, 16.744452380000023 ], [ -93.084697579999954, 16.742718031000045 ], [ -93.085032626, 16.742528654000086 ], [ -93.086447889999988, 16.741728710000057 ] ] ] } },
{ "type": "Feature", "properties": { "colonia_final": "La Salle Primera Sección" }, "geometry": { "type": "Polygon", "coordinates": [ [ [ -93.08676712, 16.742013780000054 ], [ -93.08682903, 16.742016910000078 ], [ -93.087517049999974, 16.742311780000023 ], [ -93.087464279999949, 16.743446850000058 ], [ -93.087443262, 16.743728845000085 ], [ -93.087441249999983, 16.743755830000055 ], [ -93.08740851999994, 16.744193180000032 ], [ -93.08739568, 16.744364690000147 ], [ -93.087365149999982, 16.744772200000078 ], [ -93.086677709999947, 16.744721600000076 ], [ -93.086374939999985, 16.744699310000051 ], [ -93.086417629999971, 16.744070200000099 ], [ -93.086469169999987, 16.743314090000073 ], [ -93.086585569999954, 16.742233970000019 ], [ -93.08676712, 16.742013780000054 ] ] ] } },
{ "type": "Feature", "properties": { "colonia_final": "La Salle Segunda Sección" }, "geometry": { "type": "Polygon", "coordinates": [ [ [ -93.084769219999941, 16.744780880000071 ], [ -93.084882018999963, 16.744817431000065 ], [ -93.086414768999987, 16.745640230000063 ], [ -93.086433520999904, 16.745652492000037 ], [ -93.086514574, 16.745718317000115 ], [ -93.086605579999969, 16.745826820000051 ], [ -93.085628539999959, 16.747716630000099 ], [ -93.084297, 16.747465970000079 ], [ -93.084597856999949, 16.744938935000032 ], [ -93.084769219999941, 16.744780880000071 ] ] ] } },
{ "type": "Feature", "properties": { "colonia_final": "La Salle Tercera Sección" }, "geometry": { "type": "Polygon", "coordinates": [ [ [ -93.086139349999939, 16.742180740000027 ], [ -93.086399519999986, 16.742207570000094 ], [ -93.086265109999943, 16.745184151000046 ], [ -93.08615116, 16.745136779000141 ], [ -93.085734042999903, 16.744963348000127 ], [ -93.084715014999972, 16.744539649000046 ], [ -93.084703589999904, 16.744490890000105 ], [ -93.084693659999971, 16.744448510000048 ], [ -93.084760779999954, 16.74352065100005 ], [ -93.0847844, 16.743195570000047 ], [ -93.08478933899994, 16.743139476000085 ], [ -93.085589708999976, 16.742498081000072 ], [ -93.085689729, 16.74244033300009 ], [ -93.086139349999939, 16.742180740000027 ] ] ] } },
{ "type": "Feature", "properties": { "colonia_final": "La Ventana" }, "geometry": { "type": "Polygon", "coordinates": [ [ [ -93.096642109999948, 16.775952601000039 ], [ -93.09709065, 16.776074220000119 ], [ -93.097184248999966, 16.776099600000055 ], [ -93.097668517999978, 16.776345118000066 ], [ -93.098236, 16.778627510000042 ], [ -93.094620218999978, 16.77851322100004 ], [ -93.093293828999947, 16.778357521000022 ], [ -93.093290539999899, 16.77805128000012 ], [ -93.0932885779999, 16.777868043000094 ], [ -93.093321489999894, 16.777609620000106 ], [ -93.093466709999987, 16.777048681000078 ], [ -93.096642109999948, 16.775952601000039 ] ] ] } },
{ "type": "Feature", "properties": { "colonia_final": "La Victoria" }, "geometry": { "type": "Polygon", "coordinates": [ [ [ -93.093522659999962, 16.772935740000037 ], [ -93.093645879999897, 16.772950890000075 ], [ -93.093685289999897, 16.772955740000089 ], [ -93.09376023, 16.772968340000013 ], [ -93.096041319999983, 16.773424340000112 ], [ -93.09643765, 16.773558140000059 ], [ -93.095293889999937, 16.77708588000009 ], [ -93.094884567999941, 16.777572223000071 ], [ -93.093204509999964, 16.777724911000043 ], [ -93.093105018, 16.777696049000028 ], [ -93.093040941, 16.777677460000085 ], [ -93.092972448, 16.77765520400002 ], [ -93.092926843, 16.777638830000125 ], [ -93.092302398999905, 16.777414626000109 ], [ -93.092216791999988, 16.777383889000074 ], [ -93.092323305999969, 16.776909909000054 ], [ -93.092394276999983, 16.776637672000053 ], [ -93.093522659999962, 16.772935740000037 ] ] ] } },
{ "type": "Feature", "properties": { "colonia_final": "Laborante Echeverría" }, "geometry": { "type": "Polygon", "coordinates": [ [ [ -93.132910719999984, 16.758970310000066 ], [ -93.133987219999938, 16.759192450000068 ], [ -93.133972939999978, 16.75943920000001 ], [ -93.133946887, 16.7596860630001 ], [ -93.133845339999937, 16.760437490000069 ], [ -93.133832819999952, 16.76052148000003 ], [ -93.133770149999975, 16.76093128 ], [ -93.133684949999974, 16.761196030000054 ], [ -93.132978629999968, 16.761090630000094 ], [ -93.132644649999975, 16.760748060000026 ], [ -93.132910719999984, 16.758970310000066 ] ] ] } },
{ "type": "Feature", "properties": { "colonia_final": "Ladera De La Loma" }, "geometry": { "type": "Polygon", "coordinates": [ [ [ -93.136859849999951, 16.767462365000021 ], [ -93.137585368999964, 16.76795711300004 ], [ -93.137801065999966, 16.768234348000025 ], [ -93.138063553999984, 16.76877204300008 ], [ -93.138477021999961, 16.769873113000095 ], [ -93.137719002999972, 16.770232190000037 ], [ -93.13617536299995, 16.770838655000031 ], [ -93.135959794999962, 16.77048373800007 ], [ -93.135796984999956, 16.770196552000087 ], [ -93.135587418999989, 16.769809421000055 ], [ -93.135441771999979, 16.769525650000052 ], [ -93.13495622399995, 16.768462852000024 ], [ -93.135514437999973, 16.768162563000043 ], [ -93.136859849999951, 16.767462365000021 ] ] ] } },
{ "type": "Feature", "properties": { "colonia_final": "Laguitos Electricistas" }, "geometry": { "type": "Polygon", "coordinates": [ [ [ -93.153400835999904, 16.762694371000123 ], [ -93.15431234, 16.762863920000051 ], [ -93.15422067999998, 16.763241660000066 ], [ -93.153897979999954, 16.764499060000073 ], [ -93.153831399999945, 16.764758460000067 ], [ -93.153737895999896, 16.764742717000036 ], [ -93.153683836, 16.764733610000086 ], [ -93.153517397, 16.76470557 ], [ -93.1533475519999, 16.764676956000102 ], [ -93.153241763, 16.76465782200011 ], [ -93.152934998, 16.764599732 ], [ -93.152861429999973, 16.764585800000059 ], [ -93.152952909999954, 16.76424006000008 ], [ -93.153257579999945, 16.763088980000088 ], [ -93.153306236, 16.762933435999987 ], [ -93.153382539999939, 16.762695220000086 ], [ -93.153400835999904, 16.762694371000123 ] ] ] } },
{ "type": "Feature", "properties": { "colonia_final": "Las Américas" }, "geometry": { "type": "Polygon", "coordinates": [ [ [ -93.118971539999961, 16.773496550000065 ], [ -93.119354769999973, 16.7737960000001 ], [ -93.119074111, 16.774411763000025 ], [ -93.119029419999961, 16.774488280000057 ], [ -93.118973829999959, 16.77457197000011 ], [ -93.118513199999938, 16.774572180000057 ], [ -93.118570449999936, 16.774429020000092 ], [ -93.118876259999979, 16.773715 ], [ -93.118971539999961, 16.773496550000065 ] ] ] } },
{ "type": "Feature", "properties": { "colonia_final": "Las Brisas" }, "geometry": { "type": "Polygon", "coordinates": [ [ [ -93.134228289999953, 16.759162720000102 ], [ -93.134714169999938, 16.759617650000067 ], [ -93.134579969999947, 16.760490970000046 ], [ -93.134505030999904, 16.760958463000101 ], [ -93.134260749999953, 16.761287660000058 ], [ -93.133866719999958, 16.761229540000038 ], [ -93.133841327, 16.761078083 ], [ -93.1338474249999, 16.761016230000099 ], [ -93.13386627999995, 16.760870660000055 ], [ -93.133927429999972, 16.760414290000046 ], [ -93.133950362, 16.760269014000084 ], [ -93.13398538200002, 16.760047211000018 ], [ -93.133996739999986, 16.759975280000056 ], [ -93.134036435, 16.75973019600011 ], [ -93.134228289999953, 16.759162720000102 ] ] ] } },
{ "type": "Feature", "properties": { "colonia_final": "Las Canoítas" }, "geometry": { "type": "Polygon", "coordinates": [ [ [ -93.122593799999947, 16.747047220000056 ], [ -93.122691195999906, 16.747063511 ], [ -93.122787293, 16.747079593 ], [ -93.124325749999969, 16.747337060000053 ], [ -93.124697119999951, 16.747399230000049 ], [ -93.125151569999957, 16.747475350000059 ], [ -93.126516569999978, 16.750033030000051 ], [ -93.126991819999944, 16.75162048000006 ], [ -93.126808105, 16.752730783000114 ], [ -93.126706079999963, 16.75324682000009 ], [ -93.12647512, 16.753214860000099 ], [ -93.126203225, 16.753177218000101 ], [ -93.12175505, 16.751771980000086 ], [ -93.12203577, 16.750023645000102 ], [ -93.122593799999947, 16.747047220000056 ] ] ] } },
{ "type": "Feature", "properties": { "colonia_final": "Las Canteras" }, "geometry": { "type": "Polygon", "coordinates": [ [ [ -93.134582019999982, 16.767841230000062 ], [ -93.135479112999974, 16.769463874000049 ], [ -93.135587418999989, 16.769809421000055 ], [ -93.13363379499998, 16.772023106000059 ], [ -93.132626909999942, 16.771387221000051 ], [ -93.132692549999945, 16.771236020000085 ], [ -93.134306181999989, 16.768006917000069 ], [ -93.134582019999982, 16.767841230000062 ] ] ] } },
{ "type": "Feature", "properties": { "colonia_final": "Las Casitas" }, "geometry": { "type": "Polygon", "coordinates": [ [ [ -93.105256488999942, 16.782884720000023 ], [ -93.108021489999942, 16.78375083000002 ], [ -93.106888219999973, 16.789673620000034 ], [ -93.105837419999943, 16.789599740000039 ], [ -93.102349259999983, 16.789001290000044 ], [ -93.102432109999938, 16.788105780000052 ], [ -93.102461641, 16.787873475 ], [ -93.102483418999952, 16.787702160000062 ], [ -93.104002225, 16.783410782 ], [ -93.104071049999902, 16.78323705 ], [ -93.10413106, 16.78310012 ], [ -93.104170109999984, 16.783011030000065 ], [ -93.104206079999983, 16.782931781000059 ], [ -93.105256488999942, 16.782884720000023 ] ] ] } },
{ "type": "Feature", "properties": { "colonia_final": "Las Delicias" }, "geometry": { "type": "Polygon", "coordinates": [ [ [ -93.109615779999956, 16.758626490000019 ], [ -93.110450349999951, 16.758903480000065 ], [ -93.110425145, 16.759030096000092 ], [ -93.110347654999899, 16.75941922600002 ], [ -93.110327787999907, 16.759505336000117 ], [ -93.110272182, 16.759721844000076 ], [ -93.109779631, 16.761639361000089 ], [ -93.109009619999938, 16.764490800000029 ], [ -93.108986749999985, 16.764544230000087 ], [ -93.108585139999946, 16.76481989000008 ], [ -93.107731979999983, 16.764753450000043 ], [ -93.104838979999954, 16.764168080000051 ], [ -93.104854629999977, 16.762428180000036 ], [ -93.104872891999904, 16.762219595 ], [ -93.104911983, 16.761773165 ], [ -93.104918348999902, 16.761700748999989 ], [ -93.104925239, 16.761622442 ], [ -93.104930731, 16.761596804000117 ], [ -93.104998399, 16.761321346999985 ], [ -93.105005919999897, 16.761290732000081 ], [ -93.10501537, 16.761252290000094 ], [ -93.106354489999902, 16.760458883000105 ], [ -93.109615779999956, 16.758626490000019 ] ] ] } },
{ "type": "Feature", "properties": { "colonia_final": "Las Flores" }, "geometry": { "type": "Polygon", "coordinates": [ [ [ -93.095369919999939, 16.756796830000045 ], [ -93.09649324999998, 16.757628180000037 ], [ -93.110630029999982, 16.788425620000098 ], [ -93.110671169999989, 16.790103890000065 ], [ -93.110322977, 16.790066296000099 ], [ -93.110278799999946, 16.790061520000069 ], [ -93.109708, 16.789994580000073 ], [ -93.109627, 16.78998469000009 ], [ -93.109196229999952, 16.789924170000063 ], [ -93.088621178999986, 16.774538261000053 ], [ -93.08860814999997, 16.774457800000061 ], [ -93.088704939999957, 16.77370146000003 ], [ -93.088773969999977, 16.773255540000029 ], [ -93.08879811, 16.773145689000078 ], [ -93.088823569999988, 16.773029850000039 ], [ -93.094529399999942, 16.756968370000056 ], [ -93.095369919999939, 16.756796830000045 ] ] ] } },
{ "type": "Feature", "properties": { "colonia_final": "Las Fuentes" }, "geometry": { "type": "Polygon", "coordinates": [ [ [ -93.14525833099998, 16.743606368000062 ], [ -93.145237142, 16.743791861 ], [ -93.145190708999962, 16.74417142000005 ], [ -93.14502691, 16.744964280000012 ], [ -93.1449744, 16.745174780000109 ], [ -93.144929454, 16.745352979000117 ], [ -93.144835648999958, 16.745674781000048 ], [ -93.144587059999907, 16.745690126000095 ], [ -93.144428799, 16.745692534999979 ], [ -93.14425189, 16.745692690000123 ], [ -93.144035169999938, 16.745692680000065 ], [ -93.1439664, 16.745163220000109 ], [ -93.14394946, 16.74495303000004 ], [ -93.14388603, 16.74411429 ], [ -93.14389649, 16.743957260000105 ], [ -93.143900378999945, 16.743909141000053 ], [ -93.144084119999903, 16.743827720000112 ], [ -93.14525833099998, 16.743606368000062 ] ] ] } },
{ "type": "Feature", "properties": { "colonia_final": "Las Granjas" }, "geometry": { "type": "Polygon", "coordinates": [ [ [ -93.10150305999997, 16.788967540000087 ], [ -93.105677489999948, 16.78907 ], [ -93.105909419999989, 16.78908998 ], [ -93.110646259999953, 16.790198290000024 ], [ -93.110885949999954, 16.796694630000044 ], [ -93.11066083, 16.79970545 ], [ -93.110622479999961, 16.800000600000036 ], [ -93.110495478999951, 16.800833570000076 ], [ -93.110025185, 16.80083061800012 ], [ -93.109515768999984, 16.800827420000079 ], [ -93.10014784699996, 16.799766254000076 ], [ -93.099275045999946, 16.799245874000064 ], [ -93.098516029999985, 16.79841891000007 ], [ -93.095897649999984, 16.794902450000073 ], [ -93.09516291999995, 16.793716680000031 ], [ -93.095097425999896, 16.793576610000102 ], [ -93.095073156000012, 16.793514576000085 ], [ -93.095055419999937, 16.79345514000007 ], [ -93.095058246999898, 16.79340770000011 ], [ -93.095063497999902, 16.793319598999986 ], [ -93.095096643, 16.793163447000016 ], [ -93.095144179999977, 16.793045320000026 ], [ -93.095314859999974, 16.792831280000016 ], [ -93.098997379999972, 16.789340021000051 ], [ -93.10150305999997, 16.788967540000087 ] ] ] } },
{ "type": "Feature", "properties": { "colonia_final": "Las Granjas Oriente" }, "geometry": { "type": "Polygon", "coordinates": [ [ [ -93.092242969999973, 16.787921570000048 ], [ -93.099042089999955, 16.788693480000063 ], [ -93.098181, 16.792001250000077 ], [ -93.098071019999963, 16.792172680000046 ], [ -93.09499459999995, 16.793460230000047 ], [ -93.092566979999958, 16.793166630000051 ], [ -93.090599059999988, 16.791516140000034 ], [ -93.092242969999973, 16.787921570000048 ] ] ] } },
{ "type": "Feature", "properties": { "colonia_final": "Las Lajas" }, "geometry": { "type": "Polygon", "coordinates": [ [ [ -93.098784449999982, 16.778787780000112 ], [ -93.099783319999972, 16.77892460000005 ], [ -93.099861119999957, 16.778937140000025 ], [ -93.10063945, 16.779081120000122 ], [ -93.100811489999955, 16.779112950000073 ], [ -93.10078225, 16.77984472000001 ], [ -93.100776199999984, 16.779995780000046 ], [ -93.100718459999953, 16.780970380000078 ], [ -93.098092019999967, 16.780801450000055 ], [ -93.098180979999938, 16.780442340000057 ], [ -93.098479979999979, 16.77960783000001 ], [ -93.098784449999982, 16.778787780000112 ] ] ] } },
{ "type": "Feature", "properties": { "colonia_final": "Las Lomas" }, "geometry": { "type": "Polygon", "coordinates": [ [ [ -93.111268635, 16.738059367000126 ], [ -93.111437219999971, 16.738069370000069 ], [ -93.128954799999974, 16.742543710000081 ], [ -93.128728619999947, 16.743716751000033 ], [ -93.128679693, 16.743930332 ], [ -93.128635168999949, 16.744124680000027 ], [ -93.109642059999956, 16.744708770000056 ], [ -93.109594633, 16.744698664000119 ], [ -93.109508209999902, 16.744680245 ], [ -93.109452754, 16.744666199 ], [ -93.106748479999965, 16.743917680000092 ], [ -93.107322819999979, 16.738652540000029 ], [ -93.10763690999994, 16.738285540000049 ], [ -93.108435819999954, 16.738059580000041 ], [ -93.111268635, 16.738059367000126 ] ] ] } },
{ "type": "Feature", "properties": { "colonia_final": "Las Margaritas" }, "geometry": { "type": "Polygon", "coordinates": [ [ [ -93.168858438999962, 16.736165866000018 ], [ -93.168926558999942, 16.736176975000053 ], [ -93.168926576, 16.736181037000062 ], [ -93.168927979999978, 16.737936350000044 ], [ -93.168243979999943, 16.737856220000058 ], [ -93.168269229999964, 16.737783831000048 ], [ -93.168372712999897, 16.737493758000031 ], [ -93.168857253999988, 16.736168850000048 ], [ -93.168858438999962, 16.736165866000018 ] ] ] } },
{ "type": "Feature", "properties": { "colonia_final": "Las Nubes" }, "geometry": { "type": "Polygon", "coordinates": [ [ [ -93.120801279999981, 16.729093769000063 ], [ -93.123009708999973, 16.72968118600004 ], [ -93.122656711, 16.730499660000056 ], [ -93.12211184399996, 16.730753413000059 ], [ -93.120218769999951, 16.731277161000058 ], [ -93.12034429299996, 16.730241948000085 ], [ -93.120801279999981, 16.729093769000063 ] ] ] } },
{ "type": "Feature", "properties": { "colonia_final": "Las Palmas" }, "geometry": { "type": "Polygon", "coordinates": [ [ [ -93.090065079999988, 16.748858090000063 ], [ -93.0901606, 16.748885620000085 ], [ -93.092800168999986, 16.753864019000012 ], [ -93.090951549999943, 16.754488030000047 ], [ -93.090870963, 16.754472620000126 ], [ -93.090727199999904, 16.754445122000078 ], [ -93.090644426, 16.754429289000011 ], [ -93.090580692999893, 16.754417098 ], [ -93.086088779999955, 16.753475950000073 ], [ -93.085383799999988, 16.753298620000088 ], [ -93.085463229999959, 16.75302423000004 ], [ -93.086204079999959, 16.751100320000045 ], [ -93.086767859999952, 16.750306230000039 ], [ -93.087222829999973, 16.749924570000061 ], [ -93.090065079999988, 16.748858090000063 ] ] ] } },
{ "type": "Feature", "properties": { "colonia_final": "Las Palomas" }, "geometry": { "type": "Polygon", "coordinates": [ [ [ -93.167745103, 16.745856301000124 ], [ -93.167960863999951, 16.745857776000044 ], [ -93.167966265999951, 16.745907877000043 ], [ -93.167407693999962, 16.745922005000068 ], [ -93.167402963999962, 16.74586291300006 ], [ -93.167544148, 16.745859645000063 ], [ -93.167630338, 16.745857651000115 ], [ -93.167745103, 16.745856301000124 ] ] ] } },
{ "type": "Feature", "properties": { "colonia_final": "Las Terrazas" }, "geometry": { "type": "Polygon", "coordinates": [ [ [ -93.12695371999996, 16.743681430000045 ], [ -93.127949229999956, 16.744376140000064 ], [ -93.128282859999956, 16.745509970000089 ], [ -93.128247427, 16.745693702 ], [ -93.127736349999964, 16.747902150000083 ], [ -93.126438059999941, 16.751472290000017 ], [ -93.124848429999986, 16.749654720000013 ], [ -93.124853393999899, 16.749489766000078 ], [ -93.124895658, 16.749245400000113 ], [ -93.124906425999896, 16.749183166000019 ], [ -93.124956289999901, 16.748920804000022 ], [ -93.12505966, 16.74845709 ], [ -93.125227676, 16.747703402000116 ], [ -93.125252139999986, 16.747593690000027 ], [ -93.12695371999996, 16.743681430000045 ] ] ] } },
{ "type": "Feature", "properties": { "colonia_final": "Las Torres" }, "geometry": { "type": "Polygon", "coordinates": [ [ [ -93.067674019999984, 16.746171400000041 ], [ -93.069640119999974, 16.747539320000051 ], [ -93.076529773999894, 16.75242733300011 ], [ -93.076825779999979, 16.752639980000041 ], [ -93.076128479999966, 16.752683090000058 ], [ -93.069527199999982, 16.752985090000031 ], [ -93.068735649999965, 16.750724600000069 ], [ -93.068521679999947, 16.75011305000001 ], [ -93.067529309999941, 16.747169280000026 ], [ -93.067354919999971, 16.746649970000018 ], [ -93.067674019999984, 16.746171400000041 ] ] ] } },
{ "type": "Feature", "properties": { "colonia_final": "Las Águilas" }, "geometry": { "type": "Polygon", "coordinates": [ [ [ -93.089773599999944, 16.778540860000135 ], [ -93.092379659999949, 16.778922680000068 ], [ -93.092751483999962, 16.784418242000076 ], [ -93.086840219999942, 16.786283371000025 ], [ -93.086751557, 16.786276779 ], [ -93.086667778, 16.78627055 ], [ -93.086328837999986, 16.786245349000058 ], [ -93.084841318999963, 16.781714521000055 ], [ -93.08598668999997, 16.780378920000039 ], [ -93.086055139999985, 16.780325621000031 ], [ -93.089773599999944, 16.778540860000135 ] ] ] } },
{ "type": "Feature", "properties": { "colonia_final": "Licenciado Carlos Salinas De Gortari" }, "geometry": { "type": "Polygon", "coordinates": [ [ [ -93.068105587, 16.759367562000048 ], [ -93.068187119999962, 16.759368510000044 ], [ -93.068251849999967, 16.759832050000082 ], [ -93.068374289999952, 16.760862260000071 ], [ -93.068719919999978, 16.764733340000095 ], [ -93.06833297999998, 16.764762850000057 ], [ -93.066298249999988, 16.764697430000084 ], [ -93.066042819999964, 16.75945962 ], [ -93.068063275, 16.759369430999982 ], [ -93.068105587, 16.759367562000048 ] ] ] } },
{ "type": "Feature", "properties": { "colonia_final": "Licenciado José Patrocinio González Garrido" }, "geometry": { "type": "Polygon", "coordinates": [ [ [ -93.100610769999946, 16.783321580000081 ], [ -93.100978199999986, 16.784098690000043 ], [ -93.100974249999979, 16.784214 ], [ -93.100955709999937, 16.784585890000088 ], [ -93.100907279999944, 16.784801400000042 ], [ -93.100314109999943, 16.785096180000053 ], [ -93.097299599999985, 16.784759580000074 ], [ -93.097279599999979, 16.784534880000049 ], [ -93.097430059999965, 16.784238110000075 ], [ -93.097687, 16.783808370000038 ], [ -93.100610769999946, 16.783321580000081 ] ] ] } },
{ "type": "Feature", "properties": { "colonia_final": "Linda Vista" }, "geometry": { "type": "Polygon", "coordinates": [ [ [ -93.155565339999953, 16.732806510000056 ], [ -93.158586579999962, 16.733796050000048 ], [ -93.157114637, 16.737403106000123 ], [ -93.126001779999967, 16.747474650000072 ], [ -93.125725431, 16.747450329000113 ], [ -93.125219799999968, 16.747373140000022 ], [ -93.12432801999995, 16.747223890000054 ], [ -93.12455725999996, 16.746114950000024 ], [ -93.155565339999953, 16.732806510000056 ] ] ] } },
{ "type": "Feature", "properties": { "colonia_final": "Linda Vista Shanka" }, "geometry": { "type": "Polygon", "coordinates": [ [ [ -93.11434356999996, 16.778743850000065 ], [ -93.115204, 16.778965203999981 ], [ -93.115401408, 16.779027767999981 ], [ -93.116071259, 16.779261018000014 ], [ -93.116162778, 16.779293586000129 ], [ -93.116446799999949, 16.77942958000002 ], [ -93.117909889999964, 16.780325950000119 ], [ -93.116069289999984, 16.787374020000069 ], [ -93.11075083999998, 16.788110970000069 ], [ -93.110751169999958, 16.787990620000127 ], [ -93.110753038, 16.787980791000066 ], [ -93.110837889999971, 16.787534940000036 ], [ -93.110941719999971, 16.787027450000068 ], [ -93.111295259999963, 16.785495220000023 ], [ -93.111326076999902, 16.785385261999977 ], [ -93.11141926, 16.785079120000056 ], [ -93.111440799999968, 16.785010600000081 ], [ -93.111551259999942, 16.784705980000084 ], [ -93.111579749999976, 16.784641250000046 ], [ -93.113508379999985, 16.780423710000051 ], [ -93.114166139999952, 16.779049750000073 ], [ -93.114257264999907, 16.77889263900013 ], [ -93.11434356999996, 16.778743850000065 ] ] ] } },
{ "type": "Feature", "properties": { "colonia_final": "Lindavista" }, "geometry": { "type": "Polygon", "coordinates": [ [ [ -93.136640949999958, 16.742821980000038 ], [ -93.137174, 16.74291563 ], [ -93.137483, 16.743384770000024 ], [ -93.137478089999945, 16.743458090000029 ], [ -93.137396629999969, 16.744340710000081 ], [ -93.137256369999989, 16.745641520000046 ], [ -93.136699074, 16.74553645200012 ], [ -93.136454332, 16.745490307000118 ], [ -93.136241549999966, 16.745450180000052 ], [ -93.136279311, 16.745160560999974 ], [ -93.136322484999909, 16.744844532000091 ], [ -93.136550049999983, 16.743353660000015 ], [ -93.136640949999958, 16.742821980000038 ] ] ] } },
{ "type": "Feature", "properties": { "colonia_final": "Loma Bonita" }, "geometry": { "type": "Polygon", "coordinates": [ [ [ -93.085547369999972, 16.732976060000073 ], [ -93.086964429999966, 16.733186350000032 ], [ -93.087267289999943, 16.733234770000045 ], [ -93.07785076, 16.775984040000029 ], [ -93.077387189999968, 16.77597178200006 ], [ -93.076978684999972, 16.775953235000063 ], [ -93.075295027, 16.775229311 ], [ -93.075128309999968, 16.775147020000112 ], [ -93.074813229999961, 16.773990910000084 ], [ -93.074913379999941, 16.773086980000066 ], [ -93.075035349999951, 16.772095450000073 ], [ -93.084774579999987, 16.733980340000109 ], [ -93.085547369999972, 16.732976060000073 ] ] ] } },
{ "type": "Feature", "properties": { "colonia_final": "Loma Real" }, "geometry": { "type": "Polygon", "coordinates": [ [ [ -93.111178029999977, 16.770445650000049 ], [ -93.111602773999905, 16.770497433000127 ], [ -93.112001969999938, 16.77060791000002 ], [ -93.111692319999975, 16.772516250000027 ], [ -93.110946199999944, 16.774195370000051 ], [ -93.10884367999995, 16.773442570000071 ], [ -93.109405179999953, 16.77052045000006 ], [ -93.110111619999941, 16.770476370000047 ], [ -93.110521306999914, 16.770451654000112 ], [ -93.111178029999977, 16.770445650000049 ] ] ] } },
{ "type": "Feature", "properties": { "colonia_final": "Loma Verde" }, "geometry": { "type": "Polygon", "coordinates": [ [ [ -93.16227656999996, 16.745039050000067 ], [ -93.162257435999905, 16.745271208000108 ], [ -93.162251388999906, 16.745344572000025 ], [ -93.162245539999958, 16.745415480000059 ], [ -93.162271532, 16.74510013500004 ], [ -93.16227656999996, 16.745039050000067 ] ] ] } },
{ "type": "Feature", "properties": { "colonia_final": "Lomas Del Campestre" }, "geometry": { "type": "Polygon", "coordinates": [ [ [ -93.19258754599997, 16.745458675000108 ], [ -93.192769001999977, 16.74546162900004 ], [ -93.192828812999906, 16.745576614000122 ], [ -93.192942294, 16.745810139000103 ], [ -93.193234553999957, 16.746718582000028 ], [ -93.193228462999969, 16.746876919000059 ], [ -93.192965670999968, 16.747579400000063 ], [ -93.192472259999988, 16.747645696000095 ], [ -93.191904277999981, 16.747717438000073 ], [ -93.19077873699996, 16.74783702400002 ], [ -93.190664044999949, 16.747849177000049 ], [ -93.190530233999937, 16.746989730000067 ], [ -93.190861295, 16.746123389000079 ], [ -93.191408684999942, 16.74590945700006 ], [ -93.19258754599997, 16.745458675000108 ] ] ] } },
{ "type": "Feature", "properties": { "colonia_final": "Lomas Del Oriente" }, "geometry": { "type": "Polygon", "coordinates": [ [ [ -93.07770598899998, 16.727747395000065 ], [ -93.078234330999976, 16.727772530000067 ], [ -93.078727798999978, 16.727857161000056 ], [ -93.079885381999986, 16.728060273000029 ], [ -93.080127559999937, 16.728115469000045 ], [ -93.082522409999967, 16.731187551000065 ], [ -93.082376459999978, 16.732210601000084 ], [ -93.07853098, 16.733964910000061 ], [ -93.07843407999998, 16.733968920000084 ], [ -93.07839569, 16.733968740000016 ], [ -93.078242673, 16.733949961000118 ], [ -93.078144728, 16.733931561000116 ], [ -93.07790986, 16.733875145000084 ], [ -93.077849468, 16.733860637000113 ], [ -93.075337131999959, 16.733208199000053 ], [ -93.075376659999961, 16.728552250000067 ], [ -93.07577883, 16.728070090000067 ], [ -93.07584393999997, 16.728053910000028 ], [ -93.076287629999968, 16.727968940000078 ], [ -93.076687979999974, 16.727898550000081 ], [ -93.07770598899998, 16.727747395000065 ] ] ] } },
{ "type": "Feature", "properties": { "colonia_final": "Lomas Del Pedregal" }, "geometry": { "type": "Polygon", "coordinates": [ [ [ -93.111698831999945, 16.730565381000027 ], [ -93.11341463499997, 16.730705861000072 ], [ -93.113516895999965, 16.731257329000076 ], [ -93.11347359399997, 16.731366576000028 ], [ -93.112994438999976, 16.731743110000025 ], [ -93.112831872999905, 16.731735431000072 ], [ -93.112388419999903, 16.731714482 ], [ -93.112229029, 16.731706952000039 ], [ -93.112153593999906, 16.731703388000014 ], [ -93.112088724999978, 16.731700323000048 ], [ -93.111677695999973, 16.731006842000085 ], [ -93.111698831999945, 16.730565381000027 ] ] ] } },
{ "type": "Feature", "properties": { "colonia_final": "Lomas Del Sauce" }, "geometry": { "type": "Polygon", "coordinates": [ [ [ -93.104216832999953, 16.724403232000075 ], [ -93.10454038499995, 16.724435989000035 ], [ -93.105954825999959, 16.72508173600006 ], [ -93.105878436999959, 16.725732152000077 ], [ -93.104220338999937, 16.726449083000023 ], [ -93.103563482999959, 16.725967334000071 ], [ -93.10328463899998, 16.725056077000048 ], [ -93.103289398999948, 16.724971845000042 ], [ -93.103457087999971, 16.724606518000041 ], [ -93.104143273999966, 16.724404570000036 ], [ -93.104216832999953, 16.724403232000075 ] ] ] } },
{ "type": "Feature", "properties": { "colonia_final": "Lomas Del Sur" }, "geometry": { "type": "Polygon", "coordinates": [ [ [ -93.129657819999977, 16.739271920000032 ], [ -93.132484579999982, 16.740314630000078 ], [ -93.132482738, 16.740325963000025 ], [ -93.132472649999954, 16.740387910000024 ], [ -93.132203089999976, 16.740899540000019 ], [ -93.132117109999982, 16.74089197000006 ], [ -93.129490889999943, 16.740338750000056 ], [ -93.129657819999977, 16.739271920000032 ] ] ] } },
{ "type": "Feature", "properties": { "colonia_final": "Lomas Del Valle" }, "geometry": { "type": "Polygon", "coordinates": [ [ [ -93.101185859999987, 16.767671800000088 ], [ -93.101222222, 16.767683298000101 ], [ -93.101407139999921, 16.767741780000012 ], [ -93.10158771, 16.76779889000013 ], [ -93.102280514999904, 16.768018025000075 ], [ -93.102359612, 16.768051069000041 ], [ -93.102419063999903, 16.76807590600011 ], [ -93.103690549999953, 16.76860715000003 ], [ -93.100562939999975, 16.770753115000062 ], [ -93.099907539999961, 16.770792660000041 ], [ -93.100616059999936, 16.768969180000063 ], [ -93.101185859999987, 16.767671800000088 ] ] ] } },
{ "type": "Feature", "properties": { "colonia_final": "Lomas Del Venado" }, "geometry": { "type": "Polygon", "coordinates": [ [ [ -93.112095229999966, 16.737555460000092 ], [ -93.112425258, 16.737602177 ], [ -93.112516419999963, 16.737616430000056 ], [ -93.113398567, 16.738738011000109 ], [ -93.113446463999907, 16.738809357 ], [ -93.113495669, 16.738883823000094 ], [ -93.11366493, 16.739211597000107 ], [ -93.113682679999954, 16.739251720000041 ], [ -93.113722031, 16.739352818000111 ], [ -93.113762043999898, 16.739474249000097 ], [ -93.113788637, 16.739571360000106 ], [ -93.113812810999903, 16.739673758999981 ], [ -93.11387075, 16.740004350000071 ], [ -93.111686519999978, 16.740845340000121 ], [ -93.111663779999958, 16.739855420000019 ], [ -93.111793939999984, 16.738938170000043 ], [ -93.111820219999984, 16.738795230000076 ], [ -93.112095229999966, 16.737555460000092 ] ] ] } },
{ "type": "Feature", "properties": { "colonia_final": "Lomas Verdes" }, "geometry": { "type": "Polygon", "coordinates": [ [ [ -93.08278078799998, 16.72894058000001 ], [ -93.127679581999985, 16.737559983000072 ], [ -93.127785722999988, 16.738032743000058 ], [ -93.125922227, 16.737769767000085 ], [ -93.082522409999967, 16.731187551000065 ], [ -93.081374152999956, 16.730991452000069 ], [ -93.081315826, 16.730959686000109 ], [ -93.080583012999966, 16.730132356000048 ], [ -93.080595360999951, 16.729739624000068 ], [ -93.080617451999956, 16.729705070000044 ], [ -93.08278078799998, 16.72894058000001 ] ] ] } },
{ "type": "Feature", "properties": { "colonia_final": "Los Altos" }, "geometry": { "type": "Polygon", "coordinates": [ [ [ -93.192080005999969, 16.744187667000041 ], [ -93.192124203, 16.744267876000023 ], [ -93.191975914, 16.744344307000116 ], [ -93.191701371999955, 16.744485810000079 ], [ -93.191650745999937, 16.744403878000075 ], [ -93.191808307, 16.74432451700012 ], [ -93.192080005999969, 16.744187667000041 ] ] ] } },
{ "type": "Feature", "properties": { "colonia_final": "Los Cafetales" }, "geometry": { "type": "Polygon", "coordinates": [ [ [ -93.13722759999996, 16.760117520000041 ], [ -93.137600179999936, 16.760168920000069 ], [ -93.137217379999981, 16.762081140000085 ], [ -93.137153879999971, 16.762080460000053 ], [ -93.136756249999962, 16.76155354000003 ], [ -93.136849979999965, 16.760951580000096 ], [ -93.136993939999968, 16.760206710000052 ], [ -93.13722759999996, 16.760117520000041 ] ] ] } },
{ "type": "Feature", "properties": { "colonia_final": "Los Capulines Iii" }, "geometry": { "type": "Polygon", "coordinates": [ [ [ -93.094029599999956, 16.783649540000056 ], [ -93.097240599999964, 16.78386351000006 ], [ -93.097353229999953, 16.78428054000009 ], [ -93.097279599999979, 16.784534880000049 ], [ -93.09609710999996, 16.786553980000068 ], [ -93.096071219999942, 16.786588260000045 ], [ -93.095229149999966, 16.787681380000066 ], [ -93.09510749, 16.787758540000038 ], [ -93.094029599999956, 16.783649540000056 ] ] ] } },
{ "type": "Feature", "properties": { "colonia_final": "Los Choferes" }, "geometry": { "type": "Polygon", "coordinates": [ [ [ -93.091349339999965, 16.745384020000095 ], [ -93.091542579999953, 16.745512020000049 ], [ -93.091582107, 16.74553961 ], [ -93.091628749999984, 16.745572180000064 ], [ -93.091848259999949, 16.745726030000093 ], [ -93.091964785999906, 16.74581376900009 ], [ -93.091974119999975, 16.745820800000054 ], [ -93.092142779999961, 16.74594882000002 ], [ -93.091663, 16.747550420000039 ], [ -93.091220139999962, 16.7488980900001 ], [ -93.090242419999981, 16.748683650000061 ], [ -93.09027394, 16.748264443000128 ], [ -93.09030954, 16.748071642000106 ], [ -93.0905, 16.74721068000003 ], [ -93.090592823, 16.746919894000019 ], [ -93.090616257, 16.746854205000012 ], [ -93.090643356, 16.746791504000093 ], [ -93.090666508, 16.746737942 ], [ -93.090720936, 16.746612042000013 ], [ -93.09076139, 16.746518466000119 ], [ -93.090782045, 16.746472251000093 ], [ -93.091349339999965, 16.745384020000095 ] ] ] } },
{ "type": "Feature", "properties": { "colonia_final": "Los Girasoles" }, "geometry": { "type": "Polygon", "coordinates": [ [ [ -93.188431219999984, 16.771805980000053 ], [ -93.189774289999946, 16.77227218000008 ], [ -93.187739179999937, 16.773251580000036 ], [ -93.187994288, 16.772591321000096 ], [ -93.18819850999995, 16.772062770000041 ], [ -93.188431219999984, 16.771805980000053 ] ] ] } },
{ "type": "Feature", "properties": { "colonia_final": "Los Laureles" }, "geometry": { "type": "Polygon", "coordinates": [ [ [ -93.165091939999968, 16.757869321000069 ], [ -93.16515782, 16.75788325000007 ], [ -93.167542509999976, 16.758418060000036 ], [ -93.167375109999966, 16.760877370000099 ], [ -93.166179418999945, 16.766056280000036 ], [ -93.164127048000012, 16.765783036000116 ], [ -93.163915318999955, 16.765730400000024 ], [ -93.163896792999907, 16.765721739000099 ], [ -93.163729457, 16.765633960000109 ], [ -93.162152379999952, 16.764530820000029 ], [ -93.16185196899994, 16.759075721000045 ], [ -93.161888701, 16.759043292000115 ], [ -93.165091939999968, 16.757869321000069 ] ] ] } },
{ "type": "Feature", "properties": { "colonia_final": "Los Manguitos" }, "geometry": { "type": "Polygon", "coordinates": [ [ [ -93.100361689999943, 16.766489890000049 ], [ -93.101387649999936, 16.766747280000065 ], [ -93.100914, 16.768319980000058 ], [ -93.09981888, 16.770818480000077 ], [ -93.099430799999936, 16.771586880000022 ], [ -93.09902668999996, 16.772386890000075 ], [ -93.098879605, 16.772678045000056 ], [ -93.098767229999964, 16.772900480000029 ], [ -93.09854439999998, 16.773315600000053 ], [ -93.098323719999939, 16.773704850000037 ], [ -93.098202879999974, 16.773914 ], [ -93.09752433999995, 16.773890740000102 ], [ -93.097511358, 16.773886054000126 ], [ -93.097169346, 16.773762583000153 ], [ -93.096919919999948, 16.773460550000028 ], [ -93.096162859999936, 16.772344490000069 ], [ -93.097649519999962, 16.767109520000069 ], [ -93.100361689999943, 16.766489890000049 ] ] ] } },
{ "type": "Feature", "properties": { "colonia_final": "Los Milagros" }, "geometry": { "type": "Polygon", "coordinates": [ [ [ -93.120118519999949, 16.746623890000052 ], [ -93.122501179999972, 16.747031720000056 ], [ -93.12249131, 16.747095589000025 ], [ -93.122373781, 16.747855522000073 ], [ -93.122362137, 16.747930785000108 ], [ -93.122348937, 16.748016099 ], [ -93.122342536, 16.748057463000105 ], [ -93.122324030999906, 16.748177007000088 ], [ -93.122308943999897, 16.748269928000131 ], [ -93.122249059999945, 16.74860362000004 ], [ -93.122197699, 16.748889513000098 ], [ -93.12218954, 16.748934926000071 ], [ -93.122181714999897, 16.748978475000097 ], [ -93.122164239, 16.749075730000129 ], [ -93.122145781, 16.749162618000106 ], [ -93.122116079999955, 16.749286280000021 ], [ -93.122027429999903, 16.749274650000107 ], [ -93.121872762999899, 16.749254342000015 ], [ -93.121800069999921, 16.749244602000022 ], [ -93.119690719999937, 16.748933780000094 ], [ -93.11996909, 16.747430690000044 ], [ -93.120015587999902, 16.747179626000115 ], [ -93.120049031, 16.74699905900011 ], [ -93.120108409999901, 16.746678459000108 ], [ -93.120118519999949, 16.746623890000052 ] ] ] } },
{ "type": "Feature", "properties": { "colonia_final": "Los Olivos" }, "geometry": { "type": "Polygon", "coordinates": [ [ [ -93.087637979999954, 16.735556120000098 ], [ -93.087673109999969, 16.735603120000054 ], [ -93.087960649999957, 16.736002740000085 ], [ -93.088256489999935, 16.736508020000024 ], [ -93.087337679999962, 16.736955710000075 ], [ -93.086353319999944, 16.736895830000055 ], [ -93.086453749999976, 16.735972 ], [ -93.087637979999954, 16.735556120000098 ] ] ] } },
{ "type": "Feature", "properties": { "colonia_final": "Los Pinos" }, "geometry": { "type": "Polygon", "coordinates": [ [ [ -93.133531539999979, 16.746914770000064 ], [ -93.13362707999994, 16.746955380000028 ], [ -93.13361322, 16.74700195 ], [ -93.133493309999906, 16.74740480000002 ], [ -93.133268939999937, 16.748158540000102 ], [ -93.13317171999995, 16.748140520000089 ], [ -93.13325795, 16.747832749999983 ], [ -93.133294429999978, 16.747702550000017 ], [ -93.133328779999943, 16.747584480000082 ], [ -93.133479046, 16.747088137000127 ], [ -93.133504412, 16.747004353000037 ], [ -93.133531539999979, 16.746914770000064 ] ] ] } },
{ "type": "Feature", "properties": { "colonia_final": "Los Poeta Sabines" }, "geometry": { "type": "Polygon", "coordinates": [ [ [ -93.062723399999982, 16.751197140000084 ], [ -93.065130538999938, 16.758019711000024 ], [ -93.065274776, 16.759190579000101 ], [ -93.065289819999975, 16.7593684600001 ], [ -93.064985819999947, 16.759410965000015 ], [ -93.064930499999946, 16.759418699000022 ], [ -93.063065523999967, 16.759609526000101 ], [ -93.062959757999977, 16.759310655000071 ], [ -93.06294263999996, 16.759260807000025 ], [ -93.062665013999947, 16.758220007000041 ], [ -93.061592339999947, 16.753846280000072 ], [ -93.061366819999989, 16.752734880000059 ], [ -93.062723399999982, 16.751197140000084 ] ] ] } },
{ "type": "Feature", "properties": { "colonia_final": "Los Pájaros" }, "geometry": { "type": "Polygon", "coordinates": [ [ [ -93.079237769999963, 16.734142630000083 ], [ -93.082901879999952, 16.734503860000078 ], [ -93.0836660209999, 16.734582859000103 ], [ -93.083688369999948, 16.734585170000052 ], [ -93.085198799999944, 16.736884910000075 ], [ -93.085124429999951, 16.737387380000033 ], [ -93.085044539999956, 16.737869490000026 ], [ -93.085010939999961, 16.73806857000007 ], [ -93.084446, 16.738335630000073 ], [ -93.083272109999939, 16.738890540000082 ], [ -93.081599248, 16.738427947000112 ], [ -93.081127509999988, 16.738241680000048 ], [ -93.079084379999983, 16.735983910000058 ], [ -93.079107539999939, 16.735480200000026 ], [ -93.079147119999959, 16.734996110000065 ], [ -93.079178126, 16.734622883999975 ], [ -93.079179419999946, 16.734607380000053 ], [ -93.079237769999963, 16.734142630000083 ] ] ] } },
{ "type": "Feature", "properties": { "colonia_final": "Los Ranchos" }, "geometry": { "type": "Polygon", "coordinates": [ [ [ -93.051834059999976, 16.730228800000081 ], [ -93.053745968999976, 16.731793141000026 ], [ -93.053990241, 16.732249024999966 ], [ -93.053861044, 16.732465859000079 ], [ -93.053554878999989, 16.732914231000056 ], [ -93.053522578999946, 16.732900540000024 ], [ -93.053060018999986, 16.732548201000043 ], [ -93.052225648999979, 16.731695231000064 ], [ -93.05166447499991, 16.731082818000083 ], [ -93.051538108999978, 16.730924370000025 ], [ -93.051739184, 16.730359890999985 ], [ -93.051834059999976, 16.730228800000081 ] ] ] } },
{ "type": "Feature", "properties": { "colonia_final": "Los Robles" }, "geometry": { "type": "Polygon", "coordinates": [ [ [ -93.096203079999952, 16.735295310000033 ], [ -93.096454373, 16.735371436000012 ], [ -93.096659783, 16.73543367600012 ], [ -93.096907079999895, 16.735508608000014 ], [ -93.097011414, 16.735541804 ], [ -93.09708612, 16.735565720000121 ], [ -93.09719427, 16.735600359000017 ], [ -93.097364436, 16.735654862 ], [ -93.097452467, 16.735683058000099 ], [ -93.097483817999901, 16.73569310100001 ], [ -93.097539092, 16.735710810000093 ], [ -93.097557349999988, 16.735716660000058 ], [ -93.09746642999994, 16.736058580000091 ], [ -93.097385779999968, 16.73634915 ], [ -93.096119, 16.737328030000114 ], [ -93.09467951, 16.737939710000067 ], [ -93.095232231999901, 16.736451941 ], [ -93.095300306999903, 16.736334197000129 ], [ -93.095516829999951, 16.736060580000096 ], [ -93.096203079999952, 16.735295310000033 ] ] ] } },
{ "type": "Feature", "properties": { "colonia_final": "Los Sabinos" }, "geometry": { "type": "Polygon", "coordinates": [ [ [ -93.136390229999961, 16.75988594000005 ], [ -93.136438706, 16.759893038000019 ], [ -93.136997199999939, 16.759974890000045 ], [ -93.137153879999971, 16.762080460000053 ], [ -93.135221739999963, 16.761468680000057 ], [ -93.13566327999996, 16.760009820000032 ], [ -93.136390229999961, 16.75988594000005 ] ] ] } },
{ "type": "Feature", "properties": { "colonia_final": "Los Sauces" }, "geometry": { "type": "Polygon", "coordinates": [ [ [ -93.183522659999937, 16.759406430000041 ], [ -93.184699309999985, 16.759654060000088 ], [ -93.184148948, 16.759538239000111 ], [ -93.183522659999937, 16.759406430000041 ] ] ] } },
{ "type": "Feature", "properties": { "colonia_final": "Los Tamarindos" }, "geometry": { "type": "Polygon", "coordinates": [ [ [ -93.159533459999977, 16.743471690000042 ], [ -93.160053799999957, 16.74416283000005 ], [ -93.159929769999962, 16.745866480000092 ], [ -93.159525199999962, 16.745848800000022 ], [ -93.158541429999957, 16.744984170000063 ], [ -93.158513700999904, 16.744616645000114 ], [ -93.15851493, 16.744517266000095 ], [ -93.158532689999959, 16.744067020000056 ], [ -93.159533459999977, 16.743471690000042 ] ] ] } },
{ "type": "Feature", "properties": { "colonia_final": "Los Trabajadores" }, "geometry": { "type": "Polygon", "coordinates": [ [ [ -93.094449859999941, 16.730749850000063 ], [ -93.094927489999975, 16.730811180000064 ], [ -93.095033649999948, 16.73091183 ], [ -93.095429749999937, 16.73169560000003 ], [ -93.0954798019999, 16.731821270000111 ], [ -93.095513381, 16.731905585000121 ], [ -93.095530541, 16.73201978899997 ], [ -93.095539939999981, 16.732195970000088 ], [ -93.094843709999964, 16.732105280000024 ], [ -93.094639951, 16.732076607000103 ], [ -93.094526840999904, 16.732054208000012 ], [ -93.093834249999986, 16.731897 ], [ -93.093961179, 16.731104013000071 ], [ -93.093991848, 16.7309550310001 ], [ -93.09401442, 16.730848027000032 ], [ -93.09407982, 16.730824480000027 ], [ -93.094449859999941, 16.730749850000063 ] ] ] } },
{ "type": "Feature", "properties": { "colonia_final": "Los Tucanes" }, "geometry": { "type": "Polygon", "coordinates": [ [ [ -93.145880477999981, 16.748342102000041 ], [ -93.146718429999964, 16.748997150000051 ], [ -93.146846889999949, 16.749276490000081 ], [ -93.146771539999975, 16.751859802000062 ], [ -93.145126860999937, 16.751831721000048 ], [ -93.14513078799996, 16.750379566000067 ], [ -93.145247063999989, 16.749286501000046 ], [ -93.145880477999981, 16.748342102000041 ] ] ] } },
{ "type": "Feature", "properties": { "colonia_final": "Los Tulipanes" }, "geometry": { "type": "Polygon", "coordinates": [ [ [ -93.177864278999962, 16.749988020000039 ], [ -93.178239323999904, 16.750033841000111 ], [ -93.179663919999939, 16.750207920000054 ], [ -93.183006109999951, 16.750630050000051 ], [ -93.184338509999975, 16.750857110000034 ], [ -93.184519883999897, 16.750902031000123 ], [ -93.184588393, 16.750927862000015 ], [ -93.184637569, 16.750960273999986 ], [ -93.184676919999902, 16.750988559000085 ], [ -93.18478437999994, 16.751078980000088 ], [ -93.185036501999903, 16.751419800000129 ], [ -93.185046319999969, 16.751437720000069 ], [ -93.186365949999981, 16.753918280000036 ], [ -93.17099771999996, 16.761196850000047 ], [ -93.170178709999959, 16.761309800000049 ], [ -93.170061139999973, 16.761314320000025 ], [ -93.170998749999967, 16.759189290000062 ], [ -93.177590309999971, 16.750060770000033 ], [ -93.177864278999962, 16.749988020000039 ] ] ] } },
{ "type": "Feature", "properties": { "colonia_final": "Los Ángeles" }, "geometry": { "type": "Polygon", "coordinates": [ [ [ -93.095967909999956, 16.794991400000086 ], [ -93.09878197999997, 16.796062320000051 ], [ -93.098778766, 16.796121817000017 ], [ -93.098772499999896, 16.796237164000104 ], [ -93.098767218, 16.79632352800013 ], [ -93.098716344999957, 16.796903300000054 ], [ -93.098175, 16.79670118000006 ], [ -93.096308249999936, 16.795747780000085 ], [ -93.096163708999939, 16.795500950000076 ], [ -93.095967909999956, 16.794991400000086 ] ] ] } },
{ "type": "Feature", "properties": { "colonia_final": "Luis Donaldo Colosio" }, "geometry": { "type": "Polygon", "coordinates": [ [ [ -93.118971539999961, 16.773496550000065 ], [ -93.119833437999901, 16.773701911 ], [ -93.120766897, 16.773949963000099 ], [ -93.121712859999946, 16.774201800000036 ], [ -93.121436889999984, 16.774991280000062 ], [ -93.121356829999968, 16.775198680000091 ], [ -93.11904886, 16.774986344000105 ], [ -93.119048819999989, 16.774986340000073 ], [ -93.118971539999961, 16.773496550000065 ] ] ] } },
{ "type": "Feature", "properties": { "colonia_final": "Lum-Ha" }, "geometry": { "type": "Polygon", "coordinates": [ [ [ -93.155607179999947, 16.759055140000072 ], [ -93.155734049999978, 16.759070400000049 ], [ -93.156167719999985, 16.759969920000067 ], [ -93.154832779999936, 16.762779750000053 ], [ -93.154817336999898, 16.762777291000106 ], [ -93.154356679999978, 16.762703800000072 ], [ -93.154214779999961, 16.762680660000058 ], [ -93.154212089999987, 16.76188454000005 ], [ -93.155076679999979, 16.759509780000084 ], [ -93.155607179999947, 16.759055140000072 ] ] ] } },
{ "type": "Feature", "properties": { "colonia_final": "Mactumatzá" }, "geometry": { "type": "Polygon", "coordinates": [ [ [ -93.157282919999943, 16.736246540000039 ], [ -93.183397219999961, 16.73627125000008 ], [ -93.183883569999978, 16.736978800000035 ], [ -93.183091539999964, 16.739973380000031 ], [ -93.158194979999962, 16.751155420000028 ], [ -93.151243939999972, 16.749327460000103 ], [ -93.134441309999943, 16.742212710000057 ], [ -93.134544509, 16.741888465 ], [ -93.134601533, 16.741743054999983 ], [ -93.13495832000001, 16.741022980000015 ], [ -93.13512518, 16.740686230000097 ], [ -93.135170339999959, 16.740595110000086 ], [ -93.157282919999943, 16.736246540000039 ] ] ] } },
{ "type": "Feature", "properties": { "colonia_final": "Magisterial" }, "geometry": { "type": "Polygon", "coordinates": [ [ [ -93.097301719999962, 16.74706468000003 ], [ -93.09797095, 16.747210520000067 ], [ -93.098063549999949, 16.747231630000055 ], [ -93.098737779999965, 16.747639280000048 ], [ -93.09810516999994, 16.750437030000072 ], [ -93.096609279999939, 16.75009585 ], [ -93.09661692199991, 16.749973295000121 ], [ -93.09671452, 16.749540030000073 ], [ -93.097089279999977, 16.747921280000064 ], [ -93.097108849999984, 16.747840820000025 ], [ -93.097223539999959, 16.747379090000045 ], [ -93.097243489999983, 16.747298820000026 ], [ -93.097301719999962, 16.74706468000003 ] ] ] } },
{ "type": "Feature", "properties": { "colonia_final": "Magisterial 21 De Septiembre" }, "geometry": { "type": "Polygon", "coordinates": [ [ [ -93.087203659999943, 16.778187570000078 ], [ -93.08967112, 16.778487660000074 ], [ -93.089622532, 16.778679198000095 ], [ -93.089587219999942, 16.778818400000059 ], [ -93.089292199999988, 16.779981290000016 ], [ -93.089192909999966, 16.780312090000045 ], [ -93.086302979999971, 16.779690630000076 ], [ -93.086280877, 16.779291707 ], [ -93.086282992, 16.779240124000101 ], [ -93.086289178999905, 16.779089279000136 ], [ -93.086289629999953, 16.779078290000054 ], [ -93.087203659999943, 16.778187570000078 ] ] ] } },
{ "type": "Feature", "properties": { "colonia_final": "Maldonado" }, "geometry": { "type": "Polygon", "coordinates": [ [ [ -93.10523335, 16.737582180000071 ], [ -93.105619179999977, 16.737650720000033 ], [ -93.106853679999972, 16.737891540000092 ], [ -93.106946699, 16.738073171000085 ], [ -93.107024697000014, 16.738225474000014 ], [ -93.107066209, 16.738307007000099 ], [ -93.107265349999977, 16.738726150000065 ], [ -93.107301229999962, 16.738820880000045 ], [ -93.107359309999936, 16.738988260000035 ], [ -93.107518978, 16.739448728000106 ], [ -93.107546935, 16.739531185999983 ], [ -93.107573939999952, 16.739613600000045 ], [ -93.107858735, 16.740544372999988 ], [ -93.108024619999981, 16.741091180000065 ], [ -93.107966819999945, 16.741386370000043 ], [ -93.107914058999896, 16.741369544000136 ], [ -93.10779285, 16.741330889000018 ], [ -93.107655898, 16.741287213000096 ], [ -93.107503242999897, 16.741238529000064 ], [ -93.1074545499999, 16.741223 ], [ -93.106897459999971, 16.741045320000083 ], [ -93.106012779999958, 16.740745920000052 ], [ -93.104996109999945, 16.740153620000026 ], [ -93.10504119999996, 16.738183290000045 ], [ -93.10523335, 16.737582180000071 ] ] ] } },
{ "type": "Feature", "properties": { "colonia_final": "Maldonado 2" }, "geometry": { "type": "Polygon", "coordinates": [ [ [ -93.104996109999945, 16.740153620000026 ], [ -93.105970429999957, 16.740350090000057 ], [ -93.107265059999975, 16.74124029000005 ], [ -93.107576829999971, 16.744079890000034 ], [ -93.104391309999983, 16.743522680000051 ], [ -93.104514649, 16.742683282 ], [ -93.10456113, 16.742439008000122 ], [ -93.104951276999898, 16.740389164000117 ], [ -93.104970959999903, 16.740285750000098 ], [ -93.104996109999945, 16.740153620000026 ] ] ] } },
{ "type": "Feature", "properties": { "colonia_final": "Malibú" }, "geometry": { "type": "Polygon", "coordinates": [ [ [ -93.155725019999977, 16.763068250000035 ], [ -93.155921219999982, 16.763089430000019 ], [ -93.156101089999936, 16.763989020000071 ], [ -93.156180449999965, 16.764888400000071 ], [ -93.155243709999979, 16.768320940000031 ], [ -93.15465586, 16.768328520000093 ], [ -93.154498254, 16.768305326000114 ], [ -93.154178479999985, 16.768258250000027 ], [ -93.154322149999985, 16.767354751 ], [ -93.154936909999947, 16.764670750000054 ], [ -93.155146849999937, 16.763794290000092 ], [ -93.155725019999977, 16.763068250000035 ] ] ] } },
{ "type": "Feature", "properties": { "colonia_final": "Manuel Molano" }, "geometry": { "type": "Polygon", "coordinates": [ [ [ -93.139801659999989, 16.744653220000053 ], [ -93.139895503, 16.744667002 ], [ -93.139986473999897, 16.744680366000086 ], [ -93.140419079999958, 16.744743920000097 ], [ -93.140583779999986, 16.74624278000006 ], [ -93.139717949999977, 16.746055250000023 ], [ -93.139663679999956, 16.745834080000048 ], [ -93.13966652, 16.745761660000024 ], [ -93.139731005, 16.745232733000016 ], [ -93.139742489, 16.745138539000092 ], [ -93.139763167999902, 16.744968926000105 ], [ -93.139782807, 16.744807847999983 ], [ -93.139795796, 16.744701313000089 ], [ -93.139801659999989, 16.744653220000053 ] ] ] } },
{ "type": "Feature", "properties": { "colonia_final": "Maya" }, "geometry": { "type": "Polygon", "coordinates": [ [ [ -93.101135079999949, 16.76018005000002 ], [ -93.104830539999966, 16.761298770000064 ], [ -93.102232489999949, 16.764407400000035 ], [ -93.101538199999936, 16.765178370000104 ], [ -93.101466149999965, 16.765221280000056 ], [ -93.100619459999962, 16.765108770000058 ], [ -93.100566939999965, 16.764993540000049 ], [ -93.100572799999952, 16.763815220000019 ], [ -93.10104212, 16.760225220000091 ], [ -93.101135079999949, 16.76018005000002 ] ] ] } },
{ "type": "Feature", "properties": { "colonia_final": "Meque" }, "geometry": { "type": "Polygon", "coordinates": [ [ [ -93.133094135999968, 16.738750285000044 ], [ -93.132974998999941, 16.73907816100008 ], [ -93.13293318999996, 16.73907129800002 ], [ -93.133094135999968, 16.738750285000044 ] ] ] } },
{ "type": "Feature", "properties": { "colonia_final": "Mercedes" }, "geometry": { "type": "Polygon", "coordinates": [ [ [ -93.113989109999977, 16.740544150000044 ], [ -93.114971309999987, 16.740711030000067 ], [ -93.115189659999942, 16.740768850000066 ], [ -93.115906489999986, 16.743813120000052 ], [ -93.11506375, 16.74454852 ], [ -93.11496429, 16.744533140000073 ], [ -93.114799341, 16.744507630000108 ], [ -93.114623799999947, 16.744477090000053 ], [ -93.114145919999942, 16.744388050000026 ], [ -93.114067679999948, 16.743437460000045 ], [ -93.114060079999902, 16.74328932 ], [ -93.114008629, 16.741378138000108 ], [ -93.113989109999977, 16.740544150000044 ] ] ] } },
{ "type": "Feature", "properties": { "colonia_final": "Mexicanidad Chiapaneca" }, "geometry": { "type": "Polygon", "coordinates": [ [ [ -93.101667169999985, 16.74264537000008 ], [ -93.102432813999897, 16.743063255000024 ], [ -93.102473689999954, 16.743085570000083 ], [ -93.102693479999971, 16.74321906000004 ], [ -93.102531889999966, 16.745275780000068 ], [ -93.102524709999955, 16.745342510000057 ], [ -93.102519737, 16.745388438000116 ], [ -93.102512324, 16.745456874000123 ], [ -93.102501123, 16.745560269000105 ], [ -93.102484179999976, 16.745716600000062 ], [ -93.102424065, 16.746047365000013 ], [ -93.102383229999987, 16.746205950000039 ], [ -93.102340738999899, 16.746191195000129 ], [ -93.102206612, 16.746144614000116 ], [ -93.101658763, 16.745954324000014 ], [ -93.101554719999967, 16.745918180000064 ], [ -93.100752279999938, 16.745568460000086 ], [ -93.1007655, 16.745516347 ], [ -93.100786829999905, 16.745432310000119 ], [ -93.100806119999959, 16.745356370000032 ], [ -93.100827829999972, 16.745276820000054 ], [ -93.101070719999939, 16.744389080000065 ], [ -93.101162632999902, 16.744078627 ], [ -93.101176479999936, 16.744031860000064 ], [ -93.101550437999904, 16.74297513 ], [ -93.101648022999896, 16.742699445000014 ], [ -93.101667169999985, 16.74264537000008 ] ] ] } },
{ "type": "Feature", "properties": { "colonia_final": "Militar 2 3 5" }, "geometry": { "type": "Polygon", "coordinates": [ [ [ -93.16914337999998, 16.745223910000057 ], [ -93.169873879999955, 16.745272200000059 ], [ -93.169930369999975, 16.745276140000055 ], [ -93.170290433, 16.745301712000046 ], [ -93.170356029999937, 16.749457140000072 ], [ -93.169251139999972, 16.749458030000024 ], [ -93.16914337999998, 16.745223910000057 ] ] ] } },
{ "type": "Feature", "properties": { "colonia_final": "Militar 4" }, "geometry": { "type": "Polygon", "coordinates": [ [ [ -93.174929458999941, 16.748499651000039 ], [ -93.175968488999956, 16.74864251000005 ], [ -93.17606141899995, 16.750742031000094 ], [ -93.176065948999963, 16.750981221000099 ], [ -93.176065579999943, 16.752003151000064 ], [ -93.175806349999959, 16.752131740000038 ], [ -93.174440689999983, 16.752162 ], [ -93.174929458999941, 16.748499651000039 ] ] ] } },
{ "type": "Feature", "properties": { "colonia_final": "Miramar" }, "geometry": { "type": "Polygon", "coordinates": [ [ [ -93.113572739999938, 16.767749140000028 ], [ -93.114179709999974, 16.767861170000074 ], [ -93.115013229999988, 16.768022980000094 ], [ -93.115283769999976, 16.768076260000033 ], [ -93.115248569999949, 16.768650650000041 ], [ -93.115180949999967, 16.769030090000069 ], [ -93.115161549999982, 16.769098890000102 ], [ -93.114704879999977, 16.76938806000005 ], [ -93.113251249999962, 16.769127340000072 ], [ -93.113572739999938, 16.767749140000028 ] ] ] } },
{ "type": "Feature", "properties": { "colonia_final": "Miravalle" }, "geometry": { "type": "Polygon", "coordinates": [ [ [ -93.129452653, 16.768722864000118 ], [ -93.13047697899998, 16.768811800000048 ], [ -93.13048711, 16.770040831000081 ], [ -93.130483289999972, 16.770091450000063 ], [ -93.127644229999987, 16.773383520000053 ], [ -93.126933249999979, 16.773647740000065 ], [ -93.12649265, 16.773800009000116 ], [ -93.126024339999958, 16.773932060000039 ], [ -93.125642177, 16.773870336000112 ], [ -93.125181299, 16.773789938000093 ], [ -93.125081689999945, 16.773771710000066 ], [ -93.124967195999901, 16.773731576000106 ], [ -93.124916259999978, 16.77371372000005 ], [ -93.12489193, 16.773701692 ], [ -93.124764012, 16.773625787000078 ], [ -93.12444831, 16.773378030000057 ], [ -93.127335629999948, 16.768905250000063 ], [ -93.127856149999957, 16.768807830000078 ], [ -93.128722939999989, 16.768760020000052 ], [ -93.129452653, 16.768722864000118 ] ] ] } },
{ "type": "Feature", "properties": { "colonia_final": "Miravalle Segunda Sección" }, "geometry": { "type": "Polygon", "coordinates": [ [ [ -93.129247739999983, 16.771537880000043 ], [ -93.129555049999965, 16.772779460000013 ], [ -93.127953, 16.773320490000039 ], [ -93.127753549999966, 16.77310058000009 ], [ -93.128348849999966, 16.771586880000022 ], [ -93.129247739999983, 16.771537880000043 ] ] ] } },
{ "type": "Feature", "properties": { "colonia_final": "Moctezuma" }, "geometry": { "type": "Polygon", "coordinates": [ [ [ -93.131871949999947, 16.754332770000079 ], [ -93.131498789, 16.757956106000091 ], [ -93.131482519999963, 16.758081370000049 ], [ -93.129853449999985, 16.76061542 ], [ -93.129612831000017, 16.760579646000103 ], [ -93.129011588, 16.760490248000124 ], [ -93.128888816, 16.760471761000094 ], [ -93.12875539, 16.760451568000097 ], [ -93.128209765, 16.76036898800001 ], [ -93.127995784999897, 16.760336601000109 ], [ -93.127265974999901, 16.760226139000121 ], [ -93.12706759, 16.760196111 ], [ -93.126896059999979, 16.760170140000056 ], [ -93.12593714999997, 16.758494230000085 ], [ -93.125979279999967, 16.758055320000036 ], [ -93.12607583, 16.757357750000089 ], [ -93.126089369999988, 16.757267710000054 ], [ -93.127450599999975, 16.755114880000047 ], [ -93.127676459999975, 16.755038520000035 ], [ -93.127842484, 16.755002709000085 ], [ -93.12999947, 16.754615658999978 ], [ -93.131871949999947, 16.754332770000079 ] ] ] } },
{ "type": "Feature", "properties": { "colonia_final": "Monte Arabá" }, "geometry": { "type": "Polygon", "coordinates": [ [ [ -93.158689059999972, 16.732618171000059 ], [ -93.158796913999936, 16.732631760000078 ], [ -93.15874738, 16.732706395000019 ], [ -93.158373551, 16.733269654000011 ], [ -93.158137392999905, 16.733625477000015 ], [ -93.158099603999972, 16.73368241400005 ], [ -93.158001953999985, 16.73367230100007 ], [ -93.158610085, 16.732739331000118 ], [ -93.158662227, 16.732659337000044 ], [ -93.158689059999972, 16.732618171000059 ] ] ] } },
{ "type": "Feature", "properties": { "colonia_final": "Monte Azul" }, "geometry": { "type": "Polygon", "coordinates": [ [ [ -93.168994149999946, 16.767170260000057 ], [ -93.169795849999957, 16.767560910000068 ], [ -93.169008, 16.769289650000118 ], [ -93.167394379999962, 16.771429860000087 ], [ -93.16690159999996, 16.771266320000063 ], [ -93.16674234, 16.771173470999987 ], [ -93.16658225, 16.771080120000061 ], [ -93.166519339999979, 16.77104215000001 ], [ -93.167913349999935, 16.768859150000019 ], [ -93.168994149999946, 16.767170260000057 ] ] ] } },
{ "type": "Feature", "properties": { "colonia_final": "Monte Real" }, "geometry": { "type": "Polygon", "coordinates": [ [ [ -93.147233104, 16.760882108 ], [ -93.14782133999995, 16.760952620000047 ], [ -93.148801829999968, 16.763942540000052 ], [ -93.148373859999936, 16.766694260000079 ], [ -93.148192149999943, 16.767832600000062 ], [ -93.148181356, 16.76789843200001 ], [ -93.148173673, 16.767945285000124 ], [ -93.148161420999898, 16.768019974000016 ], [ -93.148140536000014, 16.76814728099998 ], [ -93.148029419999943, 16.768824600000084 ], [ -93.148005578999971, 16.768934490000071 ], [ -93.147952721999957, 16.769140392000065 ], [ -93.145347312999945, 16.76828262500004 ], [ -93.145656949999989, 16.762486830000061 ], [ -93.146396709999976, 16.760908320000063 ], [ -93.147233104, 16.760882108 ] ] ] } },
{ "type": "Feature", "properties": { "colonia_final": "Montebello" }, "geometry": { "type": "Polygon", "coordinates": [ [ [ -93.105981139999983, 16.764046290000078 ], [ -93.106037169999979, 16.764050420000046 ], [ -93.107101629999988, 16.764571430000036 ], [ -93.107168089999959, 16.764610090000058 ], [ -93.107160139999962, 16.764655660000059 ], [ -93.107013019999954, 16.765001150000053 ], [ -93.106807539999977, 16.765175890000016 ], [ -93.106745139999987, 16.765181080000065 ], [ -93.106536957999893, 16.765127825 ], [ -93.105529569999987, 16.764870110000061 ], [ -93.105185164, 16.764781982000102 ], [ -93.104999914, 16.764734579000049 ], [ -93.104812429999981, 16.764686600000061 ], [ -93.104823982, 16.764443969000105 ], [ -93.104832919999978, 16.764256660000058 ], [ -93.104838979999954, 16.764168080000051 ], [ -93.105981139999983, 16.764046290000078 ] ] ] } },
{ "type": "Feature", "properties": { "colonia_final": "Monterrosa" }, "geometry": { "type": "Polygon", "coordinates": [ [ [ -93.120676759999981, 16.730965306 ], [ -93.121137503999989, 16.731057408000019 ], [ -93.121220506999975, 16.731079109000056 ], [ -93.12214096799994, 16.731356532000081 ], [ -93.12219553999995, 16.731768971000069 ], [ -93.122169378999956, 16.731864801000047 ], [ -93.120218769999951, 16.731277161000058 ], [ -93.120676759999981, 16.730965306 ] ] ] } },
{ "type": "Feature", "properties": { "colonia_final": "Montserrat" }, "geometry": { "type": "Polygon", "coordinates": [ [ [ -93.08431200299998, 16.744876898000058 ], [ -93.08452864, 16.744923912999969 ], [ -93.084597856999949, 16.744938935000032 ], [ -93.084327259999952, 16.746764920000043 ], [ -93.084277570000012, 16.746754904000113 ], [ -93.083441339999979, 16.746586310000033 ], [ -93.083718369999985, 16.745069121000043 ], [ -93.08431200299998, 16.744876898000058 ] ] ] } },
{ "type": "Feature", "properties": { "colonia_final": "Morelos" }, "geometry": { "type": "Polygon", "coordinates": [ [ [ -93.097748489999958, 16.776439750000076 ], [ -93.099033898999906, 16.776625561000113 ], [ -93.099237149999965, 16.776700370000057 ], [ -93.099322619999953, 16.778289430000047 ], [ -93.099201059999984, 16.778749150000042 ], [ -93.098236, 16.778627510000042 ], [ -93.097528279999949, 16.778359140000081 ], [ -93.097537980000013, 16.778233090000107 ], [ -93.09756269, 16.777912140000133 ], [ -93.09756758, 16.777848630000101 ], [ -93.097579369999949, 16.777695580000049 ], [ -93.09765308, 16.777136050000021 ], [ -93.097748489999958, 16.776439750000076 ] ] ] } },
{ "type": "Feature", "properties": { "colonia_final": "Municipal Los Laguitos" }, "geometry": { "type": "Polygon", "coordinates": [ [ [ -93.151580149999972, 16.767161170000065 ], [ -93.153302749999966, 16.767349180000068 ], [ -93.153839739999967, 16.767429510000063 ], [ -93.154087879000016, 16.76747166800001 ], [ -93.15427834999997, 16.767504030000058 ], [ -93.155243709999979, 16.768320940000031 ], [ -93.156805019999979, 16.77146585000002 ], [ -93.155179058, 16.771218557 ], [ -93.148520859999962, 16.77016798000005 ], [ -93.151580149999972, 16.767161170000065 ] ] ] } },
{ "type": "Feature", "properties": { "colonia_final": "Municipal Los Presidentes" }, "geometry": { "type": "Polygon", "coordinates": [ [ [ -93.155441138999947, 16.743977510000043 ], [ -93.15568445, 16.74398074 ], [ -93.156204049999985, 16.744019741000084 ], [ -93.156296219999945, 16.744026690000055 ], [ -93.156695564, 16.744058418000098 ], [ -93.156782993, 16.744067757999989 ], [ -93.157077489999949, 16.744100660000086 ], [ -93.157055219999961, 16.744279140000074 ], [ -93.157041, 16.744348740000099 ], [ -93.156196429999966, 16.747644690000083 ], [ -93.15585674, 16.748075280000016 ], [ -93.155750139999952, 16.748065741000087 ], [ -93.155545768999957, 16.747546661000072 ], [ -93.15550548899995, 16.747180431000086 ], [ -93.155500919999952, 16.747112631000061 ], [ -93.155441138999947, 16.743977510000043 ] ] ] } },
{ "type": "Feature", "properties": { "colonia_final": "México" }, "geometry": { "type": "Polygon", "coordinates": [ [ [ -93.132180378999976, 16.779136571000034 ], [ -93.132266119, 16.779210132999975 ], [ -93.13282394, 16.77968873 ], [ -93.132943138999963, 16.779791 ], [ -93.132558814999982, 16.780524058000033 ], [ -93.132385499, 16.78042579700012 ], [ -93.131748672999919, 16.780064748000012 ], [ -93.131683976999966, 16.780028068000014 ], [ -93.131873546999941, 16.779595744000051 ], [ -93.132180378999976, 16.779136571000034 ] ] ] } },
{ "type": "Feature", "properties": { "colonia_final": "Módulo I Terán" }, "geometry": { "type": "Polygon", "coordinates": [ [ [ -93.15585502, 16.739898690000103 ], [ -93.157418689999986, 16.740857120000054 ], [ -93.15742818, 16.741125239999977 ], [ -93.15741758, 16.741229981000092 ], [ -93.157340649999981, 16.741922710000051 ], [ -93.157271373999905, 16.742454624000125 ], [ -93.157255519999978, 16.742576320000101 ], [ -93.15464744999997, 16.742345180000036 ], [ -93.154266002, 16.74230234900001 ], [ -93.154198, 16.742294710000113 ], [ -93.154290659999958, 16.740528290000057 ], [ -93.15585502, 16.739898690000103 ] ] ] } },
{ "type": "Feature", "properties": { "colonia_final": "Módulo Ii Terán" }, "geometry": { "type": "Polygon", "coordinates": [ [ [ -93.16805865, 16.739278170000034 ], [ -93.168479519999948, 16.739289400000093 ], [ -93.168533459999935, 16.739292890000065 ], [ -93.168929459999958, 16.73968869 ], [ -93.16895802, 16.741649090000063 ], [ -93.168078119999961, 16.741697020000053 ], [ -93.167069229999981, 16.741736430000042 ], [ -93.167282648999972, 16.74073448000005 ], [ -93.16760417899998, 16.739698801000085 ], [ -93.16805865, 16.739278170000034 ] ] ] } },
{ "type": "Feature", "properties": { "colonia_final": "Natalia Venegas" }, "geometry": { "type": "Polygon", "coordinates": [ [ [ -93.094763739999962, 16.778473280000071 ], [ -93.094867358000016, 16.778480991 ], [ -93.095304059999989, 16.778513520000097 ], [ -93.09685694999996, 16.778629230000035 ], [ -93.09783428999998, 16.778702080000077 ], [ -93.098212659999945, 16.778736340000041 ], [ -93.098702429999946, 16.778788980000041 ], [ -93.098465479999959, 16.779491580000091 ], [ -93.098441579999985, 16.779562110000033 ], [ -93.098418051999914, 16.779631523000013 ], [ -93.09839357, 16.779703520000087 ], [ -93.098197489999961, 16.78025158 ], [ -93.097990579999987, 16.780800400000043 ], [ -93.094403339999985, 16.780830200000011 ], [ -93.09456957, 16.77952358 ], [ -93.094613059999972, 16.779285740000056 ], [ -93.094763739999962, 16.778473280000071 ] ] ] } },
{ "type": "Feature", "properties": { "colonia_final": "Ninguno" }, "geometry": { "type": "Polygon", "coordinates": [ [ [ -93.173124918999974, 16.685048761000086 ], [ -93.174771340000021, 16.685226784000108 ], [ -93.180243591, 16.686033232999982 ], [ -93.186252210999953, 16.68700163200004 ], [ -93.186589388999906, 16.687063881 ], [ -93.187052541999947, 16.687194187000074 ], [ -93.200632338999981, 16.691657520000032 ], [ -93.201981998999941, 16.692847420000074 ], [ -93.220207339999945, 16.712865550000046 ], [ -93.215321, 16.767676281000028 ], [ -93.20903276699994, 16.784162815000069 ], [ -93.175444266999989, 16.79215144000003 ], [ -93.114453871999956, 16.801814608000086 ], [ -93.111094164999955, 16.801941170000106 ], [ -93.109376215999987, 16.801752027000092 ], [ -93.101709456, 16.800399978 ], [ -93.10101311699998, 16.800249860000083 ], [ -93.100031427999966, 16.799934028000074 ], [ -93.098375531999977, 16.799191164000064 ], [ -93.089549181999985, 16.793149434000036 ], [ -93.070338679999963, 16.770643523000107 ], [ -93.047185119999938, 16.734441620000059 ], [ -93.046108689999983, 16.732656060000124 ], [ -93.045775709999987, 16.732062260000095 ], [ -93.045449109999936, 16.731354370000076 ], [ -93.062594915999966, 16.713354011000028 ], [ -93.063179494999986, 16.713163071000022 ], [ -93.173124918999974, 16.685048761000086 ] ] ] } },
{ "type": "Feature", "properties": { "colonia_final": "Niño De Atocha" }, "geometry": { "type": "Polygon", "coordinates": [ [ [ -93.114662399999986, 16.761947290000037 ], [ -93.120000991, 16.762758640000119 ], [ -93.12078570999995, 16.762878320000038 ], [ -93.121352864, 16.762968783000108 ], [ -93.121585879999941, 16.763005950000029 ], [ -93.12147516999994, 16.764033950000027 ], [ -93.118820969999945, 16.769445890000046 ], [ -93.113914029999989, 16.765711220000082 ], [ -93.114662399999986, 16.761947290000037 ] ] ] } },
{ "type": "Feature", "properties": { "colonia_final": "Nueva Delicias" }, "geometry": { "type": "Polygon", "coordinates": [ [ [ -93.102618229999962, 16.763159820000048 ], [ -93.104671229999951, 16.763204060000096 ], [ -93.104627719999954, 16.76425731000008 ], [ -93.10460686, 16.764710850000032 ], [ -93.104544109999949, 16.765267280000057 ], [ -93.102730149999957, 16.765600770000042 ], [ -93.101538199999936, 16.765178370000104 ], [ -93.102150679999966, 16.763517110000073 ], [ -93.102206859999967, 16.763468630000013 ], [ -93.102618229999962, 16.763159820000048 ] ] ] } },
{ "type": "Feature", "properties": { "colonia_final": "Nueva Estrella" }, "geometry": { "type": "Polygon", "coordinates": [ [ [ -93.107734919999984, 16.780629290000043 ], [ -93.107799049999983, 16.78066849000005 ], [ -93.108537349999949, 16.781320950000058 ], [ -93.108532533999906, 16.781343104000015 ], [ -93.108525733, 16.781374352000086 ], [ -93.108492594, 16.781526613000018 ], [ -93.108450836, 16.781718437999981 ], [ -93.108440859999973, 16.781764220000056 ], [ -93.108034849999967, 16.783619660000053 ], [ -93.108019019999972, 16.783681510000083 ], [ -93.107616755, 16.783826266000094 ], [ -93.107496522, 16.783869424000056 ], [ -93.107377179999958, 16.783911630000027 ], [ -93.106898459999968, 16.783831780000071 ], [ -93.106508779999956, 16.783733260000094 ], [ -93.105710309999949, 16.783232710000075 ], [ -93.105406079999966, 16.782709980000035 ], [ -93.105447824, 16.782527939 ], [ -93.105696489999957, 16.781826580000061 ], [ -93.106179949999955, 16.781340540000041 ], [ -93.107734919999984, 16.780629290000043 ] ] ] } },
{ "type": "Feature", "properties": { "colonia_final": "Nueva Jerusalén" }, "geometry": { "type": "Polygon", "coordinates": [ [ [ -93.11482953999996, 16.799088570000027 ], [ -93.115615719999937, 16.799219280000063 ], [ -93.116646, 16.799900280000013 ], [ -93.117110393999951, 16.800217724000056 ], [ -93.116928247999965, 16.80217460400009 ], [ -93.115801084999987, 16.80205779100006 ], [ -93.114588726999955, 16.801831832000083 ], [ -93.114606148, 16.801599167000102 ], [ -93.114629521999987, 16.801287020000071 ], [ -93.11482953999996, 16.799088570000027 ] ] ] } },
{ "type": "Feature", "properties": { "colonia_final": "Nueva Reforma" }, "geometry": { "type": "Polygon", "coordinates": [ [ [ -93.102189279999962, 16.777918020000076 ], [ -93.105230284, 16.778400316000095 ], [ -93.105443419999972, 16.778443850000034 ], [ -93.105500836, 16.778472312000105 ], [ -93.105833489999952, 16.778778320000054 ], [ -93.105858489999946, 16.778859110000084 ], [ -93.105861454, 16.778876642000107 ], [ -93.10588768, 16.779032180000119 ], [ -93.105886019999957, 16.779250970000096 ], [ -93.105872279999971, 16.779329170000082 ], [ -93.105758349999974, 16.779685220000033 ], [ -93.105724519999967, 16.779761630000078 ], [ -93.105521139999951, 16.780191740000102 ], [ -93.104875880999913, 16.781375810000149 ], [ -93.104849459999969, 16.781424290000082 ], [ -93.10187284999995, 16.781123050000073 ], [ -93.102189279999962, 16.777918020000076 ] ] ] } },
{ "type": "Feature", "properties": { "colonia_final": "Nuevo Edén" }, "geometry": { "type": "Polygon", "coordinates": [ [ [ -93.156260379999935, 16.769490830000059 ], [ -93.162446279999983, 16.770469660000046 ], [ -93.162517673, 16.770523113 ], [ -93.162657449999983, 16.770627780000012 ], [ -93.161833489999935, 16.771505280000056 ], [ -93.161273904999973, 16.771854456000042 ], [ -93.158030399999973, 16.771586260000081 ], [ -93.154394249999953, 16.770660690000078 ], [ -93.15424262, 16.770011180000058 ], [ -93.156260379999935, 16.769490830000059 ] ] ] } },
{ "type": "Feature", "properties": { "colonia_final": "Nuevo Jerusalén" }, "geometry": { "type": "Polygon", "coordinates": [ [ [ -93.207003402999987, 16.776197456000027 ], [ -93.209613228, 16.7787390350001 ], [ -93.210417258999939, 16.779537140000055 ], [ -93.208177599999942, 16.781750380000062 ], [ -93.208121483, 16.781749174000048 ], [ -93.207857267, 16.781743494000118 ], [ -93.207767219999894, 16.781740892000112 ], [ -93.207152349999944, 16.78171931000001 ], [ -93.205264909999983, 16.781569220000055 ], [ -93.19972602, 16.778067200000084 ], [ -93.199675879999972, 16.778030860000079 ], [ -93.199826923, 16.777770830000097 ], [ -93.19994282, 16.777617770000081 ], [ -93.200020594, 16.777576894000092 ], [ -93.20022407, 16.777469952999986 ], [ -93.200864569999965, 16.777149910000045 ], [ -93.207003402999987, 16.776197456000027 ] ] ] } },
{ "type": "Feature", "properties": { "colonia_final": "Nuevo Mirador" }, "geometry": { "type": "Polygon", "coordinates": [ [ [ -93.117417399999965, 16.767121180000039 ], [ -93.117987915999905, 16.767199985000026 ], [ -93.118149646999896, 16.767226503000096 ], [ -93.118346519999989, 16.767266630000048 ], [ -93.118731419999961, 16.769407380000064 ], [ -93.117869719999987, 16.769336820000046 ], [ -93.11767482, 16.768413890000026 ], [ -93.117417399999965, 16.767121180000039 ] ] ] } },
{ "type": "Feature", "properties": { "colonia_final": "Obrero" }, "geometry": { "type": "Polygon", "coordinates": [ [ [ -93.111342879999938, 16.738964 ], [ -93.111514088, 16.738970484000014 ], [ -93.111678859999984, 16.738985150000072 ], [ -93.11387075, 16.740004350000071 ], [ -93.114137149999976, 16.744480630000062 ], [ -93.114074666, 16.744688833000136 ], [ -93.113812379999956, 16.74548294000008 ], [ -93.113461029999939, 16.746302950000043 ], [ -93.11103203, 16.747652920000064 ], [ -93.110747811, 16.747616224000112 ], [ -93.110589384, 16.747595764 ], [ -93.110425995, 16.747574663000012 ], [ -93.110241072999898, 16.747550777000086 ], [ -93.110207369999955, 16.747546420000081 ], [ -93.10908772, 16.742147830000025 ], [ -93.109231179999938, 16.741664750000069 ], [ -93.111342879999938, 16.738964 ] ] ] } },
{ "type": "Feature", "properties": { "colonia_final": "Orquídeas" }, "geometry": { "type": "Polygon", "coordinates": [ [ [ -93.083931779999958, 16.740278880000076 ], [ -93.084612659999948, 16.740365200000028 ], [ -93.08483193, 16.740398651000099 ], [ -93.085048769999958, 16.740431740000087 ], [ -93.085041309999951, 16.740522940000087 ], [ -93.084592549999968, 16.74046292 ], [ -93.083913799999948, 16.740333570000072 ], [ -93.083922936, 16.740305766999985 ], [ -93.083931779999958, 16.740278880000076 ] ] ] } },
{ "type": "Feature", "properties": { "colonia_final": "Paraíso Bajo" }, "geometry": { "type": "Polygon", "coordinates": [ [ [ -93.11884847999994, 16.769498630000058 ], [ -93.1191586, 16.769514579000013 ], [ -93.11934, 16.769523910000039 ], [ -93.119600569999989, 16.769537680000067 ], [ -93.119652569999971, 16.769541980000032 ], [ -93.120160459999965, 16.770873680000051 ], [ -93.12034630999996, 16.771815980000078 ], [ -93.118848259999936, 16.772499350000039 ], [ -93.118753179999942, 16.772498860000084 ], [ -93.11884847999994, 16.769498630000058 ] ] ] } },
{ "type": "Feature", "properties": { "colonia_final": "Paraíso I" }, "geometry": { "type": "Polygon", "coordinates": [ [ [ -93.089105649999965, 16.77042483 ], [ -93.091610719999949, 16.771331521000054 ], [ -93.091568179999967, 16.771556690000065 ], [ -93.09152892, 16.771698520000012 ], [ -93.09147598, 16.77188977 ], [ -93.091465644, 16.771927109000021 ], [ -93.09143398, 16.77204148 ], [ -93.091426739999974, 16.772067600000081 ], [ -93.091146979999962, 16.771999380000096 ], [ -93.089475599999957, 16.771573710000013 ], [ -93.088988718999985, 16.771416451000086 ], [ -93.089090067999905, 16.770532897000116 ], [ -93.089105649999965, 16.77042483 ] ] ] } },
{ "type": "Feature", "properties": { "colonia_final": "Paraíso Ii" }, "geometry": { "type": "Polygon", "coordinates": [ [ [ -93.089009229999988, 16.771546890000071 ], [ -93.089044381, 16.771554901000108 ], [ -93.089870479999902, 16.771743200000099 ], [ -93.08994931, 16.771761180000098 ], [ -93.09000871, 16.771775430000101 ], [ -93.090186689, 16.771825065 ], [ -93.090554169999905, 16.771927550000029 ], [ -93.09064822, 16.771953780000022 ], [ -93.090683139999953, 16.771963520000064 ], [ -93.091008689999967, 16.77383497000007 ], [ -93.0909764, 16.773827110000102 ], [ -93.09061491999995, 16.773739050000113 ], [ -93.088823569999988, 16.773029850000039 ], [ -93.08894023, 16.772094350000017 ], [ -93.088972309999974, 16.77183852000007 ], [ -93.088982119999969, 16.771761030000057 ], [ -93.089009229999988, 16.771546890000071 ] ] ] } },
{ "type": "Feature", "properties": { "colonia_final": "Paraíso Medio" }, "geometry": { "type": "Polygon", "coordinates": [ [ [ -93.12260428999997, 16.769440370000066 ], [ -93.12245551999996, 16.770246090000068 ], [ -93.122441579999986, 16.770318120000073 ], [ -93.122423603, 16.770393985000094 ], [ -93.122402629, 16.770482465000104 ], [ -93.122387289999949, 16.77054715000002 ], [ -93.12223799100002, 16.770535267000096 ], [ -93.122169992000011, 16.770529851000028 ], [ -93.122015441, 16.770517541000093 ], [ -93.121810529, 16.770501219000117 ], [ -93.120374849999962, 16.770251750000106 ], [ -93.119856659999982, 16.770127340000048 ], [ -93.119652569999971, 16.769541980000032 ], [ -93.122283103, 16.769446618000099 ], [ -93.122424936999906, 16.769442009000013 ], [ -93.12260428999997, 16.769440370000066 ] ] ] } },
{ "type": "Feature", "properties": { "colonia_final": "Paraíso Ojo De Agua" }, "geometry": { "type": "Polygon", "coordinates": [ [ [ -93.141891089999945, 16.764350461000074 ], [ -93.142130368999972, 16.764504350000049 ], [ -93.14320675, 16.765197120000067 ], [ -93.14326038, 16.76548106700011 ], [ -93.143273139999962, 16.765638400000075 ], [ -93.143428907999976, 16.767826773000024 ], [ -93.143435883999985, 16.768391233000056 ], [ -93.143017399999977, 16.768273014 ], [ -93.142287752999948, 16.76805440700004 ], [ -93.142032154, 16.767695947000071 ], [ -93.141995574999953, 16.766839489000066 ], [ -93.141891089999945, 16.764350461000074 ] ] ] } },
{ "type": "Feature", "properties": { "colonia_final": "Parque Madero" }, "geometry": { "type": "Polygon", "coordinates": [ [ [ -93.109310909999977, 16.754837580000071 ], [ -93.109366879999982, 16.754843290000061 ], [ -93.1096506599999, 16.75497503 ], [ -93.110670859999971, 16.755814110000088 ], [ -93.110950079999952, 16.75617012 ], [ -93.111022629999979, 16.756391660000041 ], [ -93.110941709999963, 16.757646110000078 ], [ -93.109445619999974, 16.758179570000046 ], [ -93.109361829999955, 16.758199490000052 ], [ -93.106723479999971, 16.757289030000091 ], [ -93.107105679999961, 16.756527770000027 ], [ -93.107789219999987, 16.755907030000067 ], [ -93.108611509999946, 16.755231860000041 ], [ -93.109310909999977, 16.754837580000071 ] ] ] } },
{ "type": "Feature", "properties": { "colonia_final": "Paseo Del Bosque" }, "geometry": { "type": "Polygon", "coordinates": [ [ [ -93.089455509999937, 16.72956749000004 ], [ -93.08964519999995, 16.72958043000008 ], [ -93.089752329, 16.729636487 ], [ -93.090673011, 16.730118254999979 ], [ -93.090697769999963, 16.730131220000043 ], [ -93.09072092, 16.730148372 ], [ -93.090787496, 16.730197729000114 ], [ -93.090854899, 16.730247700000135 ], [ -93.091174037, 16.730539502000099 ], [ -93.092150169999968, 16.731660830000077 ], [ -93.091641679999952, 16.732987370000018 ], [ -93.09089948999997, 16.733725150000041 ], [ -93.088389909999989, 16.735091620000055 ], [ -93.087777059999951, 16.735024520000053 ], [ -93.087149819999979, 16.734854220000038 ], [ -93.087105250999969, 16.734663618000095 ], [ -93.087070153, 16.734513156000116 ], [ -93.087050286999954, 16.734396301000057 ], [ -93.087054709999961, 16.73426857000003 ], [ -93.087073528999952, 16.734129050000053 ], [ -93.087732169999981, 16.73182311000005 ], [ -93.08782937, 16.73156240900002 ], [ -93.087892659999966, 16.731394200000086 ], [ -93.087924169999951, 16.731341220000097 ], [ -93.089109449999967, 16.729817580000031 ], [ -93.089139002, 16.729781101000071 ], [ -93.089227251, 16.729718801000111 ], [ -93.089380327, 16.72961073600003 ], [ -93.089455509999937, 16.72956749000004 ] ] ] } },
{ "type": "Feature", "properties": { "colonia_final": "Paso Limón" }, "geometry": { "type": "Polygon", "coordinates": [ [ [ -93.077639799999986, 16.760294720000044 ], [ -93.078238424999896, 16.760586993000086 ], [ -93.078443309999955, 16.76068703 ], [ -93.079458749999958, 16.76119503000006 ], [ -93.079435109999977, 16.763218050000038 ], [ -93.079401459999985, 16.763300580000077 ], [ -93.079194849999965, 16.763762510000067 ], [ -93.07901585999997, 16.764069660000086 ], [ -93.07878508999994, 16.764452140000056 ], [ -93.075720219999937, 16.764687860000045 ], [ -93.075719292999906, 16.764658141 ], [ -93.075706447999906, 16.764244696000119 ], [ -93.075683306, 16.763498599000105 ], [ -93.075681837, 16.763451235000101 ], [ -93.07568087999995, 16.763420140000072 ], [ -93.076148979999971, 16.7610375400001 ], [ -93.077639799999986, 16.760294720000044 ] ] ] } },
{ "type": "Feature", "properties": { "colonia_final": "Patria Nueva" }, "geometry": { "type": "Polygon", "coordinates": [ [ [ -93.073718049999968, 16.752887450000035 ], [ -93.076699019999978, 16.754028630000068 ], [ -93.076702744, 16.754109014000111 ], [ -93.076743219999969, 16.754983030000044 ], [ -93.076683229999958, 16.758166950000042 ], [ -93.07559034999997, 16.765122720000036 ], [ -93.075216449999985, 16.765154680000023 ], [ -93.074793179999972, 16.765187380000025 ], [ -93.070761875999949, 16.76539964800002 ], [ -93.070673633999959, 16.765404183000065 ], [ -93.068756707999967, 16.764897160000071 ], [ -93.068594096999959, 16.764755414000057 ], [ -93.065887678999957, 16.754704481000044 ], [ -93.069540637999978, 16.753096430000031 ], [ -93.073718049999968, 16.752887450000035 ] ] ] } },
{ "type": "Feature", "properties": { "colonia_final": "Paulino Aguilar Paniagua" }, "geometry": { "type": "Polygon", "coordinates": [ [ [ -93.080496259999961, 16.769185770000028 ], [ -93.080537947, 16.769210828000119 ], [ -93.080572659999973, 16.769231710000035 ], [ -93.081381629999953, 16.77851208000002 ], [ -93.076978684999972, 16.775953235000063 ], [ -93.07645426, 16.771687780000057 ], [ -93.078017259999967, 16.770361620000095 ], [ -93.080496259999961, 16.769185770000028 ] ] ] } },
{ "type": "Feature", "properties": { "colonia_final": "Pedregal" }, "geometry": { "type": "Polygon", "coordinates": [ [ [ -93.128630539999961, 16.764057890000068 ], [ -93.12911024999994, 16.764110820000052 ], [ -93.12914994, 16.764115580000063 ], [ -93.129668509999988, 16.764949170000019 ], [ -93.130472279999907, 16.767706720000021 ], [ -93.130481737, 16.767756256999988 ], [ -93.130486939999969, 16.767861090000061 ], [ -93.130478249999953, 16.768747150000017 ], [ -93.128685849999954, 16.768707250000041 ], [ -93.128623539999978, 16.768695910000112 ], [ -93.128073459999939, 16.76740934000005 ], [ -93.127958449999937, 16.766177750000054 ], [ -93.127873619999946, 16.765162820000036 ], [ -93.127926849999938, 16.764796860000054 ], [ -93.128630539999961, 16.764057890000068 ] ] ] } },
{ "type": "Feature", "properties": { "colonia_final": "Pedregal San Antonio" }, "geometry": { "type": "Polygon", "coordinates": [ [ [ -93.112001969999938, 16.77060791000002 ], [ -93.112079689999973, 16.770624520000059 ], [ -93.11567082, 16.772714600000011 ], [ -93.114530749999986, 16.77572835000009 ], [ -93.114352149999945, 16.775667520000095 ], [ -93.11211641999995, 16.774698520000079 ], [ -93.11101857999995, 16.774221910000072 ], [ -93.111324569999965, 16.772553880000025 ], [ -93.112001969999938, 16.77060791000002 ] ] ] } },
{ "type": "Feature", "properties": { "colonia_final": "Penipak" }, "geometry": { "type": "Polygon", "coordinates": [ [ [ -93.128225659999941, 16.744281690000079 ], [ -93.128586249999955, 16.744338950000046 ], [ -93.135297459999947, 16.74547946000008 ], [ -93.135653566, 16.745540579 ], [ -93.135724579999987, 16.745552770000078 ], [ -93.136188239, 16.745632388 ], [ -93.136279779999938, 16.745648120000066 ], [ -93.136345133, 16.745659352000111 ], [ -93.136477825, 16.74568274000011 ], [ -93.13858874999994, 16.746078250000053 ], [ -93.139417719999983, 16.750286340000095 ], [ -93.138985339999977, 16.751640600000041 ], [ -93.137010289999978, 16.754449290000032 ], [ -93.13460797, 16.754291320000046 ], [ -93.13457871, 16.75428920000008 ], [ -93.13376235, 16.75422991 ], [ -93.133656628, 16.754222225 ], [ -93.13356734, 16.75421573299997 ], [ -93.133495900999904, 16.754210532000119 ], [ -93.133393214, 16.754203006000115 ], [ -93.133348939999962, 16.754199750000062 ], [ -93.128895199999988, 16.747968940000064 ], [ -93.128098659999978, 16.746583830000073 ], [ -93.127655109999978, 16.745081170000059 ], [ -93.127949229999956, 16.744376140000064 ], [ -93.128225659999941, 16.744281690000079 ] ] ] } },
{ "type": "Feature", "properties": { "colonia_final": "Penipak Norte" }, "geometry": { "type": "Polygon", "coordinates": [ [ [ -93.11391095, 16.765775320000042 ], [ -93.115732289999983, 16.766209290000074 ], [ -93.115953579999939, 16.766264860000057 ], [ -93.116259509999963, 16.76710845 ], [ -93.116333370999897, 16.767443550000067 ], [ -93.116391012999898, 16.76788690700004 ], [ -93.116460079999968, 16.768420180000081 ], [ -93.115896412, 16.76844274199998 ], [ -93.11532810999995, 16.76846520000004 ], [ -93.113535339999942, 16.76764929000008 ], [ -93.11367995499991, 16.76692230800009 ], [ -93.11369402, 16.766851607999989 ], [ -93.11391095, 16.765775320000042 ] ] ] } },
{ "type": "Feature", "properties": { "colonia_final": "Periodista" }, "geometry": { "type": "Polygon", "coordinates": [ [ [ -93.105708, 16.754773150000069 ], [ -93.106064449999963, 16.754783020000069 ], [ -93.106402059999937, 16.754834540000072 ], [ -93.106480369999986, 16.754865800000069 ], [ -93.10635978, 16.755621680000065 ], [ -93.106207268, 16.756250283000039 ], [ -93.106106849999946, 16.756632880000051 ], [ -93.104854969999963, 16.75636180000005 ], [ -93.10452171999998, 16.756236680000043 ], [ -93.104752429999962, 16.755372980000065 ], [ -93.105589829999985, 16.75484382000008 ], [ -93.105708, 16.754773150000069 ] ] ] } },
{ "type": "Feature", "properties": { "colonia_final": "Pistimbak" }, "geometry": { "type": "Polygon", "coordinates": [ [ [ -93.118707089999987, 16.778439260000052 ], [ -93.120870019999984, 16.778706310000082 ], [ -93.12080869, 16.779177720000057 ], [ -93.12054815, 16.780627170000059 ], [ -93.117973749999976, 16.780410260000075 ], [ -93.118707089999987, 16.778439260000052 ] ] ] } },
{ "type": "Feature", "properties": { "colonia_final": "Plan De Ayala" }, "geometry": { "type": "Polygon", "coordinates": [ [ [ -93.176807949999954, 16.760496170000099 ], [ -93.176901429999987, 16.760504750000077 ], [ -93.177605582999902, 16.760627307 ], [ -93.177815226, 16.76066379800011 ], [ -93.1781939749999, 16.760741356000018 ], [ -93.18357, 16.761905430000112 ], [ -93.183835029999969, 16.761967820000063 ], [ -93.184207499, 16.762057147000107 ], [ -93.184296739, 16.762079078000134 ], [ -93.184574352, 16.762169729000117 ], [ -93.184750273999896, 16.762227181000092 ], [ -93.184832799999981, 16.762254140000053 ], [ -93.18491333999998, 16.762292740000056 ], [ -93.185160831, 16.762421131000103 ], [ -93.185320876, 16.762504169000071 ], [ -93.185435245, 16.762575594000015 ], [ -93.185719879999965, 16.762763980000052 ], [ -93.185790109999971, 16.762810480000038 ], [ -93.18609328, 16.76301258000009 ], [ -93.186597579999955, 16.763348780000033 ], [ -93.19290402, 16.767806199000091 ], [ -93.194185273999921, 16.768721744000107 ], [ -93.194494139999961, 16.768966980000098 ], [ -93.194595379999953, 16.769301630000051 ], [ -93.194437059999984, 16.769569230000055 ], [ -93.193244879999952, 16.770918180000042 ], [ -93.192784340999907, 16.77114540700012 ], [ -93.191678931999903, 16.771642757000105 ], [ -93.191266969999958, 16.771825740000072 ], [ -93.183576229999971, 16.775080450000058 ], [ -93.183104009, 16.775081667000109 ], [ -93.182407029999979, 16.775083460000108 ], [ -93.180875739999976, 16.77504428000006 ], [ -93.180652999999893, 16.77502843700012 ], [ -93.1803868, 16.775009500000102 ], [ -93.178992349999987, 16.774910280000046 ], [ -93.176376059999939, 16.766780220000086 ], [ -93.176263649999967, 16.764758220000051 ], [ -93.176807949999954, 16.760496170000099 ] ] ] } },
{ "type": "Feature", "properties": { "colonia_final": "Plan De Ayala Iii" }, "geometry": { "type": "Polygon", "coordinates": [ [ [ -93.18461721999995, 16.760141920000017 ], [ -93.18585054, 16.760186540000056 ], [ -93.186676309999939, 16.760283710000085 ], [ -93.1873752179999, 16.760377372000104 ], [ -93.187530554, 16.760400430000114 ], [ -93.187648779999961, 16.760429910000017 ], [ -93.188924199999974, 16.761739250000069 ], [ -93.188435, 16.762332520000051 ], [ -93.18710496999995, 16.763379090000068 ], [ -93.187058109999953, 16.763360940000094 ], [ -93.184004509999966, 16.761889580000062 ], [ -93.18461721999995, 16.760141920000017 ] ] ] } },
{ "type": "Feature", "properties": { "colonia_final": "Pluma De Oro" }, "geometry": { "type": "Polygon", "coordinates": [ [ [ -93.183500429999981, 16.736993340000026 ], [ -93.1844286, 16.73712838000008 ], [ -93.184887149999952, 16.737198220000035 ], [ -93.184978118999908, 16.737212437 ], [ -93.185078569999973, 16.73722815 ], [ -93.185015219999968, 16.737778520000056 ], [ -93.184728249999978, 16.737992490000064 ], [ -93.183891399999936, 16.737800780000075 ], [ -93.183452649999936, 16.737542000000111 ], [ -93.183500429999981, 16.736993340000026 ] ] ] } },
{ "type": "Feature", "properties": { "colonia_final": "Pomarrosa" }, "geometry": { "type": "Polygon", "coordinates": [ [ [ -93.129408030999969, 16.774226363000036 ], [ -93.13016371, 16.774441780000075 ], [ -93.130161362999957, 16.776898952000057 ], [ -93.130031479999957, 16.777483030000038 ], [ -93.12954845, 16.778440415 ], [ -93.129367553, 16.778742765000082 ], [ -93.129149318999964, 16.77907005 ], [ -93.127303139999981, 16.777859 ], [ -93.126193679999972, 16.777094310000038 ], [ -93.126373940999912, 16.776745556000016 ], [ -93.127294429999949, 16.77525062100004 ], [ -93.127884169999959, 16.774762400000071 ], [ -93.128330159999962, 16.774587473000068 ], [ -93.129408030999969, 16.774226363000036 ] ] ] } },
{ "type": "Feature", "properties": { "colonia_final": "Popular" }, "geometry": { "type": "Polygon", "coordinates": [ [ [ -93.116934289999961, 16.731072720000032 ], [ -93.117161739999972, 16.731117250000064 ], [ -93.11845287999995, 16.73169217000002 ], [ -93.117870029999949, 16.73509 ], [ -93.117855893999902, 16.735090225000018 ], [ -93.117394149999939, 16.735038480000107 ], [ -93.116978019999976, 16.734927970000058 ], [ -93.11641579999997, 16.733880140000068 ], [ -93.116437097999906, 16.73359256 ], [ -93.116440849999947, 16.733567250000021 ], [ -93.116508219999972, 16.733121830000051 ], [ -93.116630369999939, 16.732335660000029 ], [ -93.116647300999901, 16.732233168999986 ], [ -93.11666742200002, 16.732111368000091 ], [ -93.116694788999894, 16.731945705000093 ], [ -93.116710846, 16.731848513999989 ], [ -93.116724115999901, 16.731778731000119 ], [ -93.116731665, 16.731752341000107 ], [ -93.116801314, 16.731508871000113 ], [ -93.116824457, 16.73142797100008 ], [ -93.116842506, 16.73136488000009 ], [ -93.11686417, 16.731295180000128 ], [ -93.116934289999961, 16.731072720000032 ] ] ] } },
{ "type": "Feature", "properties": { "colonia_final": "Potinaspak" }, "geometry": { "type": "Polygon", "coordinates": [ [ [ -93.118918319999977, 16.777378060000043 ], [ -93.121040574999896, 16.777632969000049 ], [ -93.121131481999896, 16.777651844000015 ], [ -93.121250501999896, 16.77768660800011 ], [ -93.12131972, 16.777706825999985 ], [ -93.121334579999939, 16.777711170000035 ], [ -93.121314659999939, 16.782456 ], [ -93.121308404, 16.782504062000118 ], [ -93.12126628, 16.782827480000019 ], [ -93.12122925999995, 16.782894480000046 ], [ -93.12103111, 16.783252380000043 ], [ -93.120994349999989, 16.783318570000102 ], [ -93.120939596, 16.783409678000083 ], [ -93.120867, 16.783530460000115 ], [ -93.120806889999983, 16.783630460000055 ], [ -93.120770619999973, 16.783689970000093 ], [ -93.120037449999984, 16.784891420000069 ], [ -93.11996177, 16.785013740000096 ], [ -93.119865229999959, 16.785169750000016 ], [ -93.119372029999965, 16.785952620000042 ], [ -93.119144419999941, 16.786312620000054 ], [ -93.118252199999972, 16.786234400000062 ], [ -93.11767109, 16.786157360000086 ], [ -93.117578605999896, 16.786145090000087 ], [ -93.117483357, 16.786132452000111 ], [ -93.117299919999937, 16.786108110000011 ], [ -93.116657002999915, 16.786020742000098 ], [ -93.116565361, 16.786007361000053 ], [ -93.11565539999998, 16.785856480000074 ], [ -93.115587829999981, 16.785374140000041 ], [ -93.115645419999964, 16.785009910000028 ], [ -93.115696369999966, 16.78469882000006 ], [ -93.115716779999957, 16.784643220000088 ], [ -93.118918319999977, 16.777378060000043 ] ] ] } },
{ "type": "Feature", "properties": { "colonia_final": "Potrero Mirador" }, "geometry": { "type": "Polygon", "coordinates": [ [ [ -93.118882462999977, 16.730714323000054 ], [ -93.120192347999989, 16.730925327000044 ], [ -93.121402211999964, 16.733277006000048 ], [ -93.121214889999976, 16.73361069000002 ], [ -93.12004627999994, 16.735536490000076 ], [ -93.119511029999956, 16.73535682000006 ], [ -93.118071769999972, 16.73407671000006 ], [ -93.118182149999939, 16.733088770000062 ], [ -93.118185769999968, 16.733058230000044 ], [ -93.118222749999973, 16.732769290000014 ], [ -93.118585833999987, 16.73162899700003 ], [ -93.118882462999977, 16.730714323000054 ] ] ] } },
{ "type": "Feature", "properties": { "colonia_final": "Primavera" }, "geometry": { "type": "Polygon", "coordinates": [ [ [ -93.119423259999962, 16.735564690000057 ], [ -93.120055021, 16.735752695 ], [ -93.120146819999945, 16.735782220000029 ], [ -93.120952919999979, 16.736178320000047 ], [ -93.121235358, 16.736329799999975 ], [ -93.121566259999952, 16.736539550000039 ], [ -93.121742429999983, 16.736664310000027 ], [ -93.121691049999981, 16.736983340000059 ], [ -93.12106861999996, 16.738087820000032 ], [ -93.120781579999985, 16.738043420000057 ], [ -93.119113979999952, 16.737721850000096 ], [ -93.119124236999895, 16.73764884800012 ], [ -93.119174254, 16.737292944000099 ], [ -93.11917942, 16.737256187000096 ], [ -93.11918437, 16.73722097200001 ], [ -93.11919131, 16.737171601000085 ], [ -93.119197289999988, 16.73712908000002 ], [ -93.119211219999954, 16.737031140000077 ], [ -93.119227371, 16.736919397000108 ], [ -93.119243986, 16.736804465 ], [ -93.119423259999962, 16.735564690000057 ] ] ] } },
{ "type": "Feature", "properties": { "colonia_final": "Primero De Mayo" }, "geometry": { "type": "Polygon", "coordinates": [ [ [ -93.14169585999997, 16.763372880000073 ], [ -93.141891089999945, 16.764350461000074 ], [ -93.142260928999974, 16.769366469000033 ], [ -93.141431952999937, 16.769698638 ], [ -93.141070036999963, 16.769837131000031 ], [ -93.140764959999956, 16.769947449000014 ], [ -93.140739839999981, 16.769949376000081 ], [ -93.140283797999984, 16.765202673000054 ], [ -93.140248793999945, 16.764752081000058 ], [ -93.140222815999948, 16.764334916000049 ], [ -93.140615449999984, 16.763998850000075 ], [ -93.141310739999938, 16.763575980000091 ], [ -93.141432763, 16.763511625000046 ], [ -93.141584037, 16.763431850000106 ], [ -93.14169585999997, 16.763372880000073 ] ] ] } },
{ "type": "Feature", "properties": { "colonia_final": "Privada Arboleda Ii" }, "geometry": { "type": "Polygon", "coordinates": [ [ [ -93.134074399999975, 16.756310510000063 ], [ -93.134773519, 16.756411449000023 ], [ -93.13508914, 16.756457020000056 ], [ -93.135069579999936, 16.756542550000074 ], [ -93.134968629999946, 16.756966750000082 ], [ -93.134892003999894, 16.756955721000104 ], [ -93.134777635, 16.756939254 ], [ -93.134686919, 16.756926192 ], [ -93.134589489000021, 16.756912162999988 ], [ -93.134439611999895, 16.756890582 ], [ -93.13417584, 16.756852601 ], [ -93.133976889999985, 16.756823950000069 ], [ -93.133987139999988, 16.756734170000055 ], [ -93.134074399999975, 16.756310510000063 ] ] ] } },
{ "type": "Feature", "properties": { "colonia_final": "Privada Flamboyant" }, "geometry": { "type": "Polygon", "coordinates": [ [ [ -93.15784967999997, 16.744752660000085 ], [ -93.157922937, 16.744764335000109 ], [ -93.158357690999907, 16.744833623999988 ], [ -93.158422957, 16.744844026000077 ], [ -93.15845171999996, 16.744852910000048 ], [ -93.15845866, 16.744989320000091 ], [ -93.158454973999895, 16.74508078300002 ], [ -93.158425934, 16.745261570000018 ], [ -93.15839761999996, 16.745437831000054 ], [ -93.158368141, 16.745432828 ], [ -93.158336406, 16.745427442000114 ], [ -93.158209201, 16.745405853000044 ], [ -93.158177655, 16.745400499 ], [ -93.158040237, 16.745377176000048 ], [ -93.157389749999936, 16.745045260000062 ], [ -93.1574574589999, 16.7450021820001 ], [ -93.15784967999997, 16.744752660000085 ] ] ] } },
{ "type": "Feature", "properties": { "colonia_final": "Privada Primavera" }, "geometry": { "type": "Polygon", "coordinates": [ [ [ -93.086318119999987, 16.744765941000054 ], [ -93.086778922, 16.74480257100004 ], [ -93.086878429, 16.744810481000137 ], [ -93.086957153999904, 16.744816739 ], [ -93.087295679999954, 16.744843650000092 ], [ -93.087291546, 16.744908105 ], [ -93.087263559, 16.74509439100013 ], [ -93.087237659999971, 16.745201650000094 ], [ -93.08711743, 16.745394660000013 ], [ -93.08706712, 16.745445450000012 ], [ -93.086961318999954, 16.745540030000036 ], [ -93.086667673, 16.74577676800002 ], [ -93.086605579999969, 16.745826820000051 ], [ -93.086265109999943, 16.745184151000046 ], [ -93.086293500999901, 16.744960151000075 ], [ -93.086318119999987, 16.744765941000054 ] ] ] } },
{ "type": "Feature", "properties": { "colonia_final": "Privada Villas De Montecristo" }, "geometry": { "type": "Polygon", "coordinates": [ [ [ -93.167542509999976, 16.758418060000036 ], [ -93.167802396, 16.75847306100011 ], [ -93.168027109999969, 16.758521630000068 ], [ -93.168715199999966, 16.758680540000071 ], [ -93.170061139999973, 16.761314320000025 ], [ -93.165200089999985, 16.760032480000078 ], [ -93.167542509999976, 16.758418060000036 ] ] ] } },
{ "type": "Feature", "properties": { "colonia_final": "Profesor Daniel Robles Sasso" }, "geometry": { "type": "Polygon", "coordinates": [ [ [ -93.123756149999963, 16.771862520000099 ], [ -93.123873002, 16.772129888000027 ], [ -93.12424663, 16.77309343000011 ], [ -93.124628619999953, 16.774191660000046 ], [ -93.123561419999987, 16.774148080000035 ], [ -93.123513709999955, 16.774140280000029 ], [ -93.123373821999905, 16.774114729000114 ], [ -93.12301598, 16.774033310000078 ], [ -93.122277749999967, 16.773839570000064 ], [ -93.121086969999979, 16.773519910000076 ], [ -93.121040889999961, 16.773504650000046 ], [ -93.12064085999998, 16.773336200000109 ], [ -93.120630419999898, 16.773323510000079 ], [ -93.120498279999936, 16.773109940000044 ], [ -93.120488769999952, 16.773053450000091 ], [ -93.120482614, 16.772851308999982 ], [ -93.120519229999957, 16.772263720000076 ], [ -93.123756149999963, 16.771862520000099 ] ] ] } },
{ "type": "Feature", "properties": { "colonia_final": "Puente Buenavista" }, "geometry": { "type": "Polygon", "coordinates": [ [ [ -93.158061889999942, 16.740859170000022 ], [ -93.158314119999943, 16.741927830000062 ], [ -93.158405399999907, 16.74246828 ], [ -93.158397104999906, 16.742631872000114 ], [ -93.158392779999986, 16.742674180000058 ], [ -93.157339969999953, 16.742580060000048 ], [ -93.157503579999968, 16.740866780000044 ], [ -93.158061889999942, 16.740859170000022 ] ] ] } },
{ "type": "Feature", "properties": { "colonia_final": "Quetzalcóatl" }, "geometry": { "type": "Polygon", "coordinates": [ [ [ -93.108062, 16.767378660000052 ], [ -93.108582628999955, 16.767483281000075 ], [ -93.108475042999942, 16.768222144000109 ], [ -93.108432689999972, 16.768318170000061 ], [ -93.108346478, 16.768303766000017 ], [ -93.107698428999981, 16.76819548100007 ], [ -93.107715977999987, 16.768127122000088 ], [ -93.108062, 16.767378660000052 ] ] ] } },
{ "type": "Feature", "properties": { "colonia_final": "Real Del Bosque" }, "geometry": { "type": "Polygon", "coordinates": [ [ [ -93.093182679999984, 16.75093242000003 ], [ -93.093178919999971, 16.751117380000046 ], [ -93.092918755, 16.751780474000018 ], [ -93.092875578999951, 16.75187369000006 ], [ -93.092418548999945, 16.752419081000046 ], [ -93.091291738999985, 16.752244311000037 ], [ -93.09130314, 16.75217143000004 ], [ -93.091420419999977, 16.751756550000039 ], [ -93.09145611, 16.751697636000085 ], [ -93.091496079999956, 16.751631680000099 ], [ -93.091909428999941, 16.751172820000043 ], [ -93.093182679999984, 16.75093242000003 ] ] ] } },
{ "type": "Feature", "properties": { "colonia_final": "Real Del Bosque 1" }, "geometry": { "type": "Polygon", "coordinates": [ [ [ -93.168024879999962, 16.69580257400002 ], [ -93.16875349, 16.696195737 ], [ -93.168841600999897, 16.696243732 ], [ -93.168941585, 16.696298195000089 ], [ -93.169026125999906, 16.69634424600002 ], [ -93.169121322, 16.696396101000119 ], [ -93.173143225, 16.698675864000045 ], [ -93.180911443999946, 16.703645031000079 ], [ -93.181235538999942, 16.70389852100006 ], [ -93.180760029999988, 16.704447361000057 ], [ -93.171281746999966, 16.706841178000051 ], [ -93.166825691, 16.702287732000102 ], [ -93.166774097999962, 16.702233005000046 ], [ -93.16676527, 16.702217964000099 ], [ -93.166753628, 16.702195238000119 ], [ -93.166662443, 16.701976675 ], [ -93.166251523, 16.700952036000029 ], [ -93.165712193000019, 16.6995442300001 ], [ -93.165715603999971, 16.699482050000064 ], [ -93.165843486999961, 16.699205517000081 ], [ -93.167929604999983, 16.695855728000048 ], [ -93.168024879999962, 16.69580257400002 ] ] ] } },
{ "type": "Feature", "properties": { "colonia_final": "Real Del Bosque 1 Sección Bonanza" }, "geometry": { "type": "Polygon", "coordinates": [ [ [ -93.176061075999939, 16.702753172000023 ], [ -93.176253319999901, 16.702811857000011 ], [ -93.177207840999984, 16.703202209000054 ], [ -93.17732971099997, 16.703268279000053 ], [ -93.179839324999989, 16.704723339000061 ], [ -93.179862054999944, 16.704740474000054 ], [ -93.180149756, 16.705099589000071 ], [ -93.177043337999976, 16.7087696480001 ], [ -93.173492353999961, 16.707472967000072 ], [ -93.172844127999952, 16.707015281000086 ], [ -93.176061075999939, 16.702753172000023 ] ] ] } },
{ "type": "Feature", "properties": { "colonia_final": "Renovación" }, "geometry": { "type": "Polygon", "coordinates": [ [ [ -93.09670387999995, 16.773216310000041 ], [ -93.09807866899996, 16.773980038000058 ], [ -93.098004558999946, 16.774081103000078 ], [ -93.097965399999964, 16.774134430000082 ], [ -93.096435259999964, 16.77603648000008 ], [ -93.095675419999964, 16.775934950000082 ], [ -93.095436449999966, 16.775850620000011 ], [ -93.09516853, 16.775743740999964 ], [ -93.094879909999975, 16.775628600000033 ], [ -93.09670387999995, 16.773216310000041 ] ] ] } },
{ "type": "Feature", "properties": { "colonia_final": "Residencial Campestre" }, "geometry": { "type": "Polygon", "coordinates": [ [ [ -93.13792743, 16.754717150000037 ], [ -93.13954597999998, 16.754834650000074 ], [ -93.138502829999936, 16.75816995 ], [ -93.138068679999947, 16.758399320000045 ], [ -93.137999979999961, 16.758383370000093 ], [ -93.137419349999959, 16.757975340000023 ], [ -93.137154019999969, 16.757063490000089 ], [ -93.13792743, 16.754717150000037 ] ] ] } },
{ "type": "Feature", "properties": { "colonia_final": "Residencial Del Sol" }, "geometry": { "type": "Polygon", "coordinates": [ [ [ -93.185801539999943, 16.767698520000081 ], [ -93.186895749999962, 16.76775998100004 ], [ -93.186779628999943, 16.768666600000099 ], [ -93.186006508999981, 16.768440940000051 ], [ -93.185570828999971, 16.768308 ], [ -93.185632368999961, 16.76811568100003 ], [ -93.185801539999943, 16.767698520000081 ] ] ] } },
{ "type": "Feature", "properties": { "colonia_final": "Residencial Hacienda" }, "geometry": { "type": "Polygon", "coordinates": [ [ [ -93.133048029999941, 16.762007220000079 ], [ -93.136887919999936, 16.762139430000044 ], [ -93.137670279999966, 16.76376263000002 ], [ -93.137662028999955, 16.76383262000007 ], [ -93.134727079999962, 16.766493980000078 ], [ -93.130635828999971, 16.764811351000077 ], [ -93.129354518999946, 16.76347337 ], [ -93.129422679999948, 16.763107480000045 ], [ -93.129626169999938, 16.762112980000051 ], [ -93.133048029999941, 16.762007220000079 ] ] ] } },
{ "type": "Feature", "properties": { "colonia_final": "Residencial La Granja" }, "geometry": { "type": "Polygon", "coordinates": [ [ [ -93.137279689999957, 16.755429310000078 ], [ -93.137313523, 16.755434591 ], [ -93.137646889999985, 16.755486720000032 ], [ -93.139157319999981, 16.759251180000028 ], [ -93.139059151, 16.759244981000112 ], [ -93.138860779999959, 16.759218680000071 ], [ -93.134758319999946, 16.758361720000092 ], [ -93.137279689999957, 16.755429310000078 ] ] ] } },
{ "type": "Feature", "properties": { "colonia_final": "Residencial Las Joyas" }, "geometry": { "type": "Polygon", "coordinates": [ [ [ -93.151975289999939, 16.740391310000092 ], [ -93.152290859999937, 16.740599770000092 ], [ -93.151129813999944, 16.749220975000071 ], [ -93.149779055999943, 16.744608228000072 ], [ -93.149926246999939, 16.743573072000068 ], [ -93.150050040999986, 16.742974397000062 ], [ -93.151220968999951, 16.740391861000059 ], [ -93.15163458, 16.740391550000012 ], [ -93.151975289999939, 16.740391310000092 ] ] ] } },
{ "type": "Feature", "properties": { "colonia_final": "Revolución" }, "geometry": { "type": "Polygon", "coordinates": [ [ [ -93.109836109999947, 16.733932279999987 ], [ -93.11235837, 16.73490649100011 ], [ -93.11251459999994, 16.73498983000011 ], [ -93.112574579999944, 16.735227650000081 ], [ -93.11234011, 16.736131030000045 ], [ -93.112176309999938, 16.736630570000031 ], [ -93.112142969999979, 16.736732200000073 ], [ -93.11207742, 16.73693191000007 ], [ -93.110624249999944, 16.735081620000088 ], [ -93.11025036999996, 16.734550110000061 ], [ -93.109836109999947, 16.733932279999987 ] ] ] } },
{ "type": "Feature", "properties": { "colonia_final": "Rinconada Del Sol" }, "geometry": { "type": "Polygon", "coordinates": [ [ [ -93.131613889999983, 16.758217310000099 ], [ -93.132879119999984, 16.758947710000033 ], [ -93.132978629999968, 16.761090630000094 ], [ -93.132602446000021, 16.761036166999979 ], [ -93.132578487, 16.761032698000118 ], [ -93.132235712, 16.760983066000119 ], [ -93.132128410999897, 16.760967527999984 ], [ -93.131936179999968, 16.76093969000005 ], [ -93.131196849999981, 16.760822830000059 ], [ -93.131613889999983, 16.758217310000099 ] ] ] } },
{ "type": "Feature", "properties": { "colonia_final": "Rincón De Joyyo Mayu" }, "geometry": { "type": "Polygon", "coordinates": [ [ [ -93.137676178999982, 16.759018220000019 ], [ -93.137765909999985, 16.759061480000074 ], [ -93.13775352, 16.759152250000096 ], [ -93.137740849999915, 16.759236310000095 ], [ -93.13763182, 16.759959199999976 ], [ -93.137600179999936, 16.760168920000069 ], [ -93.137206339999977, 16.760014340000041 ], [ -93.137009938999938, 16.759868850000029 ], [ -93.137348539999948, 16.759052320000023 ], [ -93.137676178999982, 16.759018220000019 ] ] ] } },
{ "type": "Feature", "properties": { "colonia_final": "Rincón De La Florida" }, "geometry": { "type": "Polygon", "coordinates": [ [ [ -93.106936879999978, 16.766252200000057 ], [ -93.107300859999953, 16.767137630000068 ], [ -93.106924, 16.767544600000072 ], [ -93.106888802999904, 16.767533544000102 ], [ -93.106488326, 16.767407641 ], [ -93.106339815999902, 16.767360952000029 ], [ -93.106171565, 16.767308056000019 ], [ -93.106073626, 16.767277265000104 ], [ -93.106039279999948, 16.767266460000041 ], [ -93.106069079999941, 16.767195850000039 ], [ -93.106936879999978, 16.766252200000057 ] ] ] } },
{ "type": "Feature", "properties": { "colonia_final": "Rincón De Los Lagos" }, "geometry": { "type": "Polygon", "coordinates": [ [ [ -93.150636979999945, 16.759337980000058 ], [ -93.15119488, 16.759428770000049 ], [ -93.151238969999952, 16.760143060000086 ], [ -93.151236919999974, 16.760165660000055 ], [ -93.150832399999956, 16.761556540000086 ], [ -93.15075097, 16.761560310000025 ], [ -93.15045474, 16.76144542 ], [ -93.150401059999979, 16.761424600000055 ], [ -93.15042410999996, 16.760934380000027 ], [ -93.150636979999945, 16.759337980000058 ] ] ] } },
{ "type": "Feature", "properties": { "colonia_final": "Rincón Potinaspak" }, "geometry": { "type": "Polygon", "coordinates": [ [ [ -93.11956718, 16.765333230000081 ], [ -93.120348059999969, 16.765533460000068 ], [ -93.121227889999943, 16.768101850000054 ], [ -93.121231666, 16.768121342 ], [ -93.121237349999944, 16.76868031000005 ], [ -93.121167207, 16.769043083000021 ], [ -93.121160544, 16.769076751000114 ], [ -93.121037169999965, 16.769552280000031 ], [ -93.11972069, 16.7695 ], [ -93.119592309, 16.769493295000117 ], [ -93.118820969999945, 16.769445890000046 ], [ -93.11956718, 16.765333230000081 ] ] ] } },
{ "type": "Feature", "properties": { "colonia_final": "Rocío" }, "geometry": { "type": "Polygon", "coordinates": [ [ [ -93.107961399999965, 16.764236710000056 ], [ -93.108986749999985, 16.764544230000087 ], [ -93.108938355, 16.764735264 ], [ -93.108717049999939, 16.765608720000063 ], [ -93.108696539999983, 16.765685660000045 ], [ -93.10826450999997, 16.766123315000094 ], [ -93.108211679999954, 16.7661157500001 ], [ -93.107908849999944, 16.766034720000039 ], [ -93.107860049999942, 16.766014320000089 ], [ -93.106865079999977, 16.765547580000028 ], [ -93.106662779999965, 16.765236350000063 ], [ -93.107160139999962, 16.764655660000059 ], [ -93.107961399999965, 16.764236710000056 ] ] ] } },
{ "type": "Feature", "properties": { "colonia_final": "Rosario Sabinal" }, "geometry": { "type": "Polygon", "coordinates": [ [ [ -93.142680890999898, 16.755078429000015 ], [ -93.143794279999952, 16.755128080000109 ], [ -93.144345229999942, 16.755164660000059 ], [ -93.145667134999897, 16.755253153000094 ], [ -93.145891155, 16.755268163 ], [ -93.147052429999974, 16.755349430000017 ], [ -93.148406419999958, 16.75544511000005 ], [ -93.148353170999897, 16.756416855000094 ], [ -93.14834996999997, 16.756475200000086 ], [ -93.144938689999947, 16.759004340000068 ], [ -93.144913984, 16.758982876000101 ], [ -93.144043048999904, 16.758225896000138 ], [ -93.143928908, 16.758125146000122 ], [ -93.143686579999951, 16.757909150000071 ], [ -93.143593029999977, 16.75778897000005 ], [ -93.143451479999896, 16.757603720000116 ], [ -93.142745530999917, 16.756474244000092 ], [ -93.142599849999968, 16.756121910000061 ], [ -93.142567772999897, 16.756018575000013 ], [ -93.142452487999904, 16.755610467000103 ], [ -93.142401509999956, 16.755355400000056 ], [ -93.142479779, 16.755145572000117 ], [ -93.142506219999973, 16.755113880000081 ], [ -93.142680890999898, 16.755078429000015 ] ] ] } },
{ "type": "Feature", "properties": { "colonia_final": "Rosario Sabinito" }, "geometry": { "type": "Polygon", "coordinates": [ [ [ -93.132751703999986, 16.77412342700007 ], [ -93.133775749999984, 16.77423323000005 ], [ -93.131544356999939, 16.77556202200001 ], [ -93.131426115, 16.775451512000089 ], [ -93.131215889999964, 16.77525503000005 ], [ -93.132751703999986, 16.77412342700007 ] ] ] } },
{ "type": "Feature", "properties": { "colonia_final": "Sabines" }, "geometry": { "type": "Polygon", "coordinates": [ [ [ -93.083320279999953, 16.731618920000084 ], [ -93.084300799999937, 16.731801940000043 ], [ -93.084716619999938, 16.732067460000074 ], [ -93.085429979999958, 16.732911380000086 ], [ -93.085031259999937, 16.733518380000078 ], [ -93.084314029999973, 16.734594230000017 ], [ -93.084298643, 16.734592507000094 ], [ -93.083713852999907, 16.734526789 ], [ -93.083671099, 16.734521984 ], [ -93.08359917, 16.73451333800012 ], [ -93.082962179999981, 16.734436770000066 ], [ -93.082896779999942, 16.73442802000006 ], [ -93.082225219999941, 16.733680260000025 ], [ -93.082228569999984, 16.733609290000057 ], [ -93.082355969999981, 16.73275778000005 ], [ -93.082442689999937, 16.732218250000091 ], [ -93.083320279999953, 16.731618920000084 ] ] ] } },
{ "type": "Feature", "properties": { "colonia_final": "Sahop" }, "geometry": { "type": "Polygon", "coordinates": [ [ [ -93.16861837, 16.766967520000044 ], [ -93.168994149999946, 16.767170260000057 ], [ -93.167348095999955, 16.771586954000046 ], [ -93.167110352999941, 16.772005229000062 ], [ -93.166436085999976, 16.773012645000048 ], [ -93.165734017999966, 16.774058872000086 ], [ -93.164748527, 16.773338945999985 ], [ -93.164340658999947, 16.772947940000059 ], [ -93.16573225999997, 16.77075426000005 ], [ -93.167231079999965, 16.768453260000062 ], [ -93.16861837, 16.766967520000044 ] ] ] } },
{ "type": "Feature", "properties": { "colonia_final": "Samuel León Brindis" }, "geometry": { "type": "Polygon", "coordinates": [ [ [ -93.137943709999945, 16.751517260000085 ], [ -93.138059982999906, 16.751541329000087 ], [ -93.138338019999935, 16.751598890000032 ], [ -93.138963339999975, 16.75172838000001 ], [ -93.138837709999976, 16.752231260000038 ], [ -93.13870550999998, 16.752759820000076 ], [ -93.13852497, 16.753371370000036 ], [ -93.138176229999942, 16.754550220000038 ], [ -93.13713950999994, 16.754473340000054 ], [ -93.136409969999988, 16.754409110000047 ], [ -93.137943709999945, 16.751517260000085 ] ] ] } },
{ "type": "Feature", "properties": { "colonia_final": "San Agustín" }, "geometry": { "type": "Polygon", "coordinates": [ [ [ -93.194966579999971, 16.77329520000006 ], [ -93.196514949999937, 16.773370150000076 ], [ -93.196604449999938, 16.77344554000004 ], [ -93.196855349999964, 16.773892340000046 ], [ -93.19745002999997, 16.775804080000064 ], [ -93.1975102, 16.776369320000114 ], [ -93.1975338, 16.77693986 ], [ -93.197514769999941, 16.777529460000046 ], [ -93.194604392, 16.776990347000037 ], [ -93.193791283999985, 16.776652609000063 ], [ -93.193560337999898, 16.776501421 ], [ -93.193451652, 16.77642614300002 ], [ -93.192821519999939, 16.775953880000046 ], [ -93.191664569999944, 16.774676350000075 ], [ -93.191607369999986, 16.774505750000085 ], [ -93.192210629999977, 16.773632060000072 ], [ -93.194966579999971, 16.77329520000006 ] ] ] } },
{ "type": "Feature", "properties": { "colonia_final": "San Cayetano" }, "geometry": { "type": "Polygon", "coordinates": [ [ [ -93.082379289999949, 16.76340866000006 ], [ -93.083873679999954, 16.763986940000063 ], [ -93.084256399999958, 16.765040080000084 ], [ -93.084306969999943, 16.767115680000085 ], [ -93.0825324, 16.766857950000038 ], [ -93.082110429999943, 16.764843110000097 ], [ -93.082379289999949, 16.76340866000006 ] ] ] } },
{ "type": "Feature", "properties": { "colonia_final": "San Cristóbal" }, "geometry": { "type": "Polygon", "coordinates": [ [ [ -93.132515169999976, 16.768994520000028 ], [ -93.13267706, 16.769009920000023 ], [ -93.132113489999938, 16.77055983 ], [ -93.13161218, 16.770446570000054 ], [ -93.130676429999937, 16.770170140000094 ], [ -93.130627429999947, 16.770079570000064 ], [ -93.130621969999936, 16.770035660000097 ], [ -93.130603168999983, 16.769863851000057 ], [ -93.130562649999959, 16.769178874000037 ], [ -93.132515169999976, 16.768994520000028 ] ] ] } },
{ "type": "Feature", "properties": { "colonia_final": "San Fernando" }, "geometry": { "type": "Polygon", "coordinates": [ [ [ -93.08413526, 16.767225520000057 ], [ -93.084550774, 16.767314101000125 ], [ -93.084981, 16.767417030000086 ], [ -93.086473139999967, 16.767809250000024 ], [ -93.086887829999966, 16.767920380000078 ], [ -93.106519309999953, 16.77887062000007 ], [ -93.10738256999997, 16.78045158000004 ], [ -93.107218109999963, 16.781021980000098 ], [ -93.105256488999942, 16.782884720000023 ], [ -93.104206079999983, 16.782931781000059 ], [ -93.082512249999979, 16.773142890000045 ], [ -93.083050349999951, 16.76991429000002 ], [ -93.08413526, 16.767225520000057 ] ] ] } },
{ "type": "Feature", "properties": { "colonia_final": "San Francisco" }, "geometry": { "type": "Polygon", "coordinates": [ [ [ -93.118071769999972, 16.73407671000006 ], [ -93.119521879999979, 16.734681720000033 ], [ -93.12274728999995, 16.737521120000043 ], [ -93.123702628999979, 16.738482171000072 ], [ -93.123744979, 16.738544701 ], [ -93.12695371999996, 16.743681430000045 ], [ -93.126694979999968, 16.744985120000081 ], [ -93.126440219999949, 16.74578655 ], [ -93.126382356999898, 16.745922840000137 ], [ -93.126330702, 16.746024858 ], [ -93.126253503, 16.746108566 ], [ -93.126203701, 16.746154771 ], [ -93.126087479999967, 16.746257480000036 ], [ -93.124239259999968, 16.74720877000005 ], [ -93.117550859999938, 16.746104400000018 ], [ -93.115989429999971, 16.745827580000022 ], [ -93.114925549999953, 16.745127690000068 ], [ -93.114137149999976, 16.744480630000062 ], [ -93.112217119, 16.736996462000018 ], [ -93.112202818999904, 16.736812757999981 ], [ -93.112221029999944, 16.736741280000039 ], [ -93.112659472, 16.735358456000014 ], [ -93.112853279999968, 16.734996540000065 ], [ -93.112887599999965, 16.734980420000078 ], [ -93.118071769999972, 16.73407671000006 ] ] ] } },
{ "type": "Feature", "properties": { "colonia_final": "San Francisco El Sabinito" }, "geometry": { "type": "Polygon", "coordinates": [ [ [ -93.144784199999947, 16.756967880000019 ], [ -93.145838819999938, 16.758580370000089 ], [ -93.145837319999941, 16.759321450000094 ], [ -93.145575059999942, 16.759558740000028 ], [ -93.145408889999942, 16.759428950000057 ], [ -93.145306437, 16.759341464000126 ], [ -93.144998979999983, 16.759078880000079 ], [ -93.144740719999959, 16.757545550000032 ], [ -93.144744562999904, 16.757161391000075 ], [ -93.144746489999989, 16.756968820000086 ], [ -93.144784199999947, 16.756967880000019 ] ] ] } },
{ "type": "Feature", "properties": { "colonia_final": "San Francisco Sabinal" }, "geometry": { "type": "Polygon", "coordinates": [ [ [ -93.14717748, 16.757249690000066 ], [ -93.147283109999989, 16.757255830000076 ], [ -93.147434365, 16.757364364000097 ], [ -93.149500879999948, 16.758912280000068 ], [ -93.145575059999942, 16.759558740000028 ], [ -93.146720059999964, 16.757253310000085 ], [ -93.146805142999895, 16.757252635000086 ], [ -93.14717748, 16.757249690000066 ] ] ] } },
{ "type": "Feature", "properties": { "colonia_final": "San Isidro" }, "geometry": { "type": "Polygon", "coordinates": [ [ [ -93.162513339999975, 16.760475910000029 ], [ -93.162760849999984, 16.760900320000129 ], [ -93.162671319999973, 16.763122980000045 ], [ -93.16249523, 16.763421400000073 ], [ -93.079488879999985, 16.77022937000001 ], [ -93.079493629999902, 16.769956320000098 ], [ -93.079790689999982, 16.765522230000052 ], [ -93.079855399999985, 16.765505710000067 ], [ -93.08248341999996, 16.765246800000032 ], [ -93.162513339999975, 16.760475910000029 ] ] ] } },
{ "type": "Feature", "properties": { "colonia_final": "San Isidro Buena Vista (La Salle)" }, "geometry": { "type": "Polygon", "coordinates": [ [ [ -93.087619819999986, 16.737054660000073 ], [ -93.08855945, 16.737156230000064 ], [ -93.088347739999961, 16.738270380000042 ], [ -93.088335539999946, 16.738332770000081 ], [ -93.088212779999935, 16.738936350000067 ], [ -93.086593489999984, 16.738897020000032 ], [ -93.086502859999939, 16.738714820000045 ], [ -93.086560599999984, 16.738229460000071 ], [ -93.087619819999986, 16.737054660000073 ] ] ] } },
{ "type": "Feature", "properties": { "colonia_final": "San Isidro Buenavista" }, "geometry": { "type": "Polygon", "coordinates": [ [ [ -93.157442719999949, 16.759856740000021 ], [ -93.15881496999998, 16.76005937000004 ], [ -93.159191889999988, 16.762665310000049 ], [ -93.158969819999982, 16.763381980000087 ], [ -93.15884214, 16.763556350000048 ], [ -93.154973548999976, 16.762802751000045 ], [ -93.15502355, 16.762620350000113 ], [ -93.15513672, 16.762207580000119 ], [ -93.155174709999983, 16.762069031000078 ], [ -93.155847709999989, 16.760371090000071 ], [ -93.157442719999949, 16.759856740000021 ] ] ] } },
{ "type": "Feature", "properties": { "colonia_final": "San Jacinto" }, "geometry": { "type": "Polygon", "coordinates": [ [ [ -93.111055629999953, 16.757771350000041 ], [ -93.111725489999969, 16.75779343000006 ], [ -93.112713219999989, 16.757838890000087 ], [ -93.11433508, 16.757937350000102 ], [ -93.11439127999995, 16.757941660000029 ], [ -93.114626059999978, 16.757960510000053 ], [ -93.115057579999984, 16.758001400000062 ], [ -93.11517234, 16.75802257 ], [ -93.11528476999996, 16.758043320000084 ], [ -93.114573089999965, 16.761815260000041 ], [ -93.114471092, 16.761796958 ], [ -93.114109924, 16.761732136 ], [ -93.114007519, 16.761711020000106 ], [ -93.112339941, 16.761364513000018 ], [ -93.112090689999903, 16.761312711000098 ], [ -93.112049739999975, 16.761304200000037 ], [ -93.110142589, 16.760907771000102 ], [ -93.110086509999974, 16.760896110000036 ], [ -93.109537969999963, 16.758424630000057 ], [ -93.10960481099994, 16.758316963000016 ], [ -93.109621709999942, 16.758289750000081 ], [ -93.109708919999946, 16.758240710000052 ], [ -93.109961394, 16.758123223 ], [ -93.110109058, 16.758059855000116 ], [ -93.110582589, 16.757856663999988 ], [ -93.110659059999989, 16.757826720000047 ], [ -93.111055629999953, 16.757771350000041 ] ] ] } },
{ "type": "Feature", "properties": { "colonia_final": "San Jorge" }, "geometry": { "type": "Polygon", "coordinates": [ [ [ -93.130540549999978, 16.770120980000058 ], [ -93.130624179999984, 16.770305800000088 ], [ -93.130636733, 16.770338379000105 ], [ -93.130664822000014, 16.770411316000015 ], [ -93.130736563999903, 16.770597604999974 ], [ -93.130853988999903, 16.771023301000124 ], [ -93.130892671, 16.771171885000101 ], [ -93.130918459999975, 16.771270950000012 ], [ -93.13049934999998, 16.771407140000122 ], [ -93.129363659999967, 16.771606140000074 ], [ -93.129338029999985, 16.771542060000073 ], [ -93.129326159, 16.771492633000022 ], [ -93.129270581999904, 16.771261125 ], [ -93.129255703999902, 16.771199149999983 ], [ -93.129174227, 16.7708597220001 ], [ -93.129154435, 16.770777269000092 ], [ -93.129128119, 16.770667634000102 ], [ -93.129119149999951, 16.770630260000075 ], [ -93.130540549999978, 16.770120980000058 ] ] ] } },
{ "type": "Feature", "properties": { "colonia_final": "San José Chapultepec" }, "geometry": { "type": "Polygon", "coordinates": [ [ [ -93.157815449999987, 16.764224630000065 ], [ -93.158167569999989, 16.764302020000049 ], [ -93.16028565, 16.764810680000053 ], [ -93.163050919999989, 16.77076378000007 ], [ -93.155993289999969, 16.770356680000091 ], [ -93.155295629999955, 16.770228200000105 ], [ -93.155228829999942, 16.770213150000092 ], [ -93.15429636999994, 16.769947420000104 ], [ -93.155215, 16.767409510000057 ], [ -93.157815449999987, 16.764224630000065 ] ] ] } },
{ "type": "Feature", "properties": { "colonia_final": "San José Libramiento" }, "geometry": { "type": "Polygon", "coordinates": [ [ [ -93.140518659999941, 16.744947970000087 ], [ -93.141372979999971, 16.745052970000067 ], [ -93.141356489, 16.745197379000121 ], [ -93.141340819999982, 16.745334580000073 ], [ -93.141334179999944, 16.745376540000063 ], [ -93.141264379999939, 16.745495080000055 ], [ -93.140583779999986, 16.74624278000006 ], [ -93.14030791, 16.745915980000074 ], [ -93.140518659999941, 16.744947970000087 ] ] ] } },
{ "type": "Feature", "properties": { "colonia_final": "San José Terán" }, "geometry": { "type": "Polygon", "coordinates": [ [ [ -93.175763057999973, 16.739204897000032 ], [ -93.176863449999985, 16.739303150000072 ], [ -93.183091539999964, 16.739973380000031 ], [ -93.183734379999976, 16.740108050000067 ], [ -93.182069679999984, 16.750369980000052 ], [ -93.181959798, 16.75035604400011 ], [ -93.181852985, 16.750342488000108 ], [ -93.180955971999893, 16.750228636000021 ], [ -93.180445403, 16.750163831000108 ], [ -93.176121339999952, 16.749614690000048 ], [ -93.176077169999985, 16.749093150000029 ], [ -93.175861832999942, 16.745597465000102 ], [ -93.175763057999973, 16.739204897000032 ] ] ] } },
{ "type": "Feature", "properties": { "colonia_final": "San José Yeguiste" }, "geometry": { "type": "Polygon", "coordinates": [ [ [ -93.16028565, 16.764810680000053 ], [ -93.162115889999953, 16.764810690000061 ], [ -93.162882704, 16.765310178999986 ], [ -93.163681169999961, 16.765927660000056 ], [ -93.163228709999942, 16.766678140000078 ], [ -93.161867369999982, 16.766637170000013 ], [ -93.161840662, 16.766634598 ], [ -93.161652668, 16.76661646500002 ], [ -93.161222725999906, 16.766574994000074 ], [ -93.160809663999899, 16.76653515 ], [ -93.159688259999939, 16.76642691000006 ], [ -93.159248719999937, 16.766384480000024 ], [ -93.159304179999936, 16.766299280000045 ], [ -93.16028565, 16.764810680000053 ] ] ] } },
{ "type": "Feature", "properties": { "colonia_final": "San Juan" }, "geometry": { "type": "Polygon", "coordinates": [ [ [ -93.066182909999952, 16.729872220000079 ], [ -93.066603057999899, 16.730103111000119 ], [ -93.066897448999953, 16.730298121000093 ], [ -93.067557378999936, 16.730988740000029 ], [ -93.065373659999977, 16.734196780000079 ], [ -93.065285, 16.734155980000015 ], [ -93.064249549999943, 16.733663850000017 ], [ -93.066182909999952, 16.729872220000079 ] ] ] } },
{ "type": "Feature", "properties": { "colonia_final": "San Juan Sabinito" }, "geometry": { "type": "Polygon", "coordinates": [ [ [ -93.105562089999978, 16.732280680000063 ], [ -93.105616319999967, 16.732293030000029 ], [ -93.106107849999944, 16.73284883 ], [ -93.10622971, 16.73298986 ], [ -93.106318879999904, 16.733093077000028 ], [ -93.106468430000021, 16.733273780000097 ], [ -93.10653717, 16.733381120000018 ], [ -93.10656749, 16.73343735 ], [ -93.10658863, 16.733500520000099 ], [ -93.106613528, 16.733591903000114 ], [ -93.106617404, 16.733613898000108 ], [ -93.106624063999902, 16.733688538000052 ], [ -93.106627, 16.733816630000039 ], [ -93.106624936999921, 16.733833878 ], [ -93.106603648, 16.733946404000108 ], [ -93.106577583, 16.734031830000028 ], [ -93.106426659999954, 16.73427712000003 ], [ -93.106390771999898, 16.734316745000115 ], [ -93.106351693, 16.734356247000097 ], [ -93.106259198, 16.734444885000077 ], [ -93.106234188, 16.734468431000021 ], [ -93.106193021, 16.734504303000104 ], [ -93.105927829999985, 16.734726480000042 ], [ -93.104673779999985, 16.735743370000023 ], [ -93.102436399999988, 16.735448150000011 ], [ -93.102387419999971, 16.73544105000008 ], [ -93.102202656, 16.735412942000028 ], [ -93.102113297, 16.735399317 ], [ -93.102045509999982, 16.735383680000041 ], [ -93.101243309999973, 16.733082600000063 ], [ -93.101294094, 16.733061337000109 ], [ -93.102030403, 16.732798242000115 ], [ -93.102269259999957, 16.732727630000078 ], [ -93.103775259999964, 16.732516890000056 ], [ -93.104903179999951, 16.732362370000025 ], [ -93.105289623, 16.732314459000108 ], [ -93.105428413, 16.732297252 ], [ -93.105562089999978, 16.732280680000063 ] ] ] } },
{ "type": "Feature", "properties": { "colonia_final": "San Marcos" }, "geometry": { "type": "Polygon", "coordinates": [ [ [ -93.114848169999973, 16.751740860000037 ], [ -93.116373489999944, 16.751952890000059 ], [ -93.1157537509999, 16.755503260000093 ], [ -93.115302459999953, 16.757953280000049 ], [ -93.111183769999968, 16.757704490000041 ], [ -93.111346066999957, 16.756342732000078 ], [ -93.111711619999951, 16.754599510000073 ], [ -93.112031229999957, 16.753094400000062 ], [ -93.114848169999973, 16.751740860000037 ] ] ] } },
{ "type": "Feature", "properties": { "colonia_final": "San Martín" }, "geometry": { "type": "Polygon", "coordinates": [ [ [ -93.158651049999946, 16.760873600000053 ], [ -93.159268649999945, 16.762370200000088 ], [ -93.159199659999956, 16.762569920000047 ], [ -93.159041179, 16.762514945000127 ], [ -93.15859446, 16.76235997 ], [ -93.158099199999981, 16.762188120000054 ], [ -93.15849862999994, 16.761236520000036 ], [ -93.158651049999946, 16.760873600000053 ] ] ] } },
{ "type": "Feature", "properties": { "colonia_final": "San Pascualito" }, "geometry": { "type": "Polygon", "coordinates": [ [ [ -93.119675859999973, 16.749013980000054 ], [ -93.120558889999984, 16.74913126000008 ], [ -93.120652004, 16.749143637 ], [ -93.120738257, 16.749155107 ], [ -93.120816844, 16.749165558000112 ], [ -93.120907608, 16.749177630000084 ], [ -93.122096889999966, 16.749365940000075 ], [ -93.121661849999953, 16.751760370000081 ], [ -93.121606838, 16.751751894000108 ], [ -93.120903501, 16.751643475 ], [ -93.120887169999946, 16.751640950000027 ], [ -93.119946399999947, 16.751494780000012 ], [ -93.119842558, 16.751478637000012 ], [ -93.119776216, 16.751468322000036 ], [ -93.119360855, 16.751403736000032 ], [ -93.119213179999974, 16.751380770000058 ], [ -93.119330006, 16.750673408000139 ], [ -93.119332279999981, 16.750659690000084 ], [ -93.119347799999957, 16.750583200000065 ], [ -93.119675859999973, 16.749013980000054 ] ] ] } },
{ "type": "Feature", "properties": { "colonia_final": "San Patricio" }, "geometry": { "type": "Polygon", "coordinates": [ [ [ -93.192404991999979, 16.747651427000047 ], [ -93.193128662999982, 16.747703083000022 ], [ -93.194032935999985, 16.74947333400009 ], [ -93.194068171999959, 16.749658812000021 ], [ -93.192470920999938, 16.752315021000076 ], [ -93.192295209999941, 16.752353648000049 ], [ -93.18839081699997, 16.750370628000066 ], [ -93.188764029999959, 16.748831344000049 ], [ -93.18887080199994, 16.748723479000024 ], [ -93.190348160999974, 16.747875564000068 ], [ -93.190387396999938, 16.747862730000076 ], [ -93.191799939999953, 16.747710778000062 ], [ -93.192404991999979, 16.747651427000047 ] ] ] } },
{ "type": "Feature", "properties": { "colonia_final": "San Pedro" }, "geometry": { "type": "Polygon", "coordinates": [ [ [ -93.081671569999969, 16.765735460000034 ], [ -93.082431259999964, 16.765811910000046 ], [ -93.083985429999984, 16.767192830000056 ], [ -93.083899949999989, 16.76784771000008 ], [ -93.083830919999969, 16.768124980000056 ], [ -93.080492479999975, 16.769043850000067 ], [ -93.080169429999955, 16.766609480000053 ], [ -93.080786219999936, 16.765820600000055 ], [ -93.080983375000017, 16.765787978000088 ], [ -93.081068605, 16.765774199000102 ], [ -93.081442519999939, 16.765749880000051 ], [ -93.081637044, 16.765737633000111 ], [ -93.081671569999969, 16.765735460000034 ] ] ] } },
{ "type": "Feature", "properties": { "colonia_final": "San Pedro Popular" }, "geometry": { "type": "Polygon", "coordinates": [ [ [ -93.122476829999982, 16.768798540000066 ], [ -93.12556915, 16.768914280000082 ], [ -93.127185079999961, 16.768975490000056 ], [ -93.127314349999949, 16.76987532000005 ], [ -93.127358709999967, 16.770305400000041 ], [ -93.12736947999997, 16.770676820000048 ], [ -93.12444831, 16.773378030000057 ], [ -93.124287252, 16.773009524 ], [ -93.122512797999903, 16.768889299000044 ], [ -93.122476829999982, 16.768798540000066 ] ] ] } },
{ "type": "Feature", "properties": { "colonia_final": "San Pedro Progresivo" }, "geometry": { "type": "Polygon", "coordinates": [ [ [ -93.081865309999955, 16.768086170000078 ], [ -93.082242229000016, 16.768105671000097 ], [ -93.082293769999978, 16.768108340000033 ], [ -93.083879689999947, 16.768281430000069 ], [ -93.084808219999957, 16.773920650000033 ], [ -93.081361019999974, 16.778666650000073 ], [ -93.080281309999975, 16.777020550000053 ], [ -93.080221829, 16.776892911000065 ], [ -93.080210936999904, 16.776835010000084 ], [ -93.079932680999903, 16.77531213 ], [ -93.079910287, 16.775171699000079 ], [ -93.07990553999997, 16.775141880000021 ], [ -93.080680549999954, 16.769102710000034 ], [ -93.080856159, 16.768952027000115 ], [ -93.081865309999955, 16.768086170000078 ] ] ] } },
{ "type": "Feature", "properties": { "colonia_final": "San Roque" }, "geometry": { "type": "Polygon", "coordinates": [ [ [ -93.115631509999957, 16.735121370000101 ], [ -93.116138139999975, 16.735161850000072 ], [ -93.116394539999988, 16.736258230000047 ], [ -93.117169879999949, 16.747815400000015 ], [ -93.117027399999984, 16.74864154000004 ], [ -93.11698243, 16.748901992000089 ], [ -93.116973678999898, 16.748952666 ], [ -93.11696262, 16.749009368000017 ], [ -93.116715769999985, 16.750273290000035 ], [ -93.116568449999988, 16.750996370000095 ], [ -93.116391649999969, 16.751864030000064 ], [ -93.114444459999959, 16.753348540000058 ], [ -93.094635001, 16.752206101000112 ], [ -93.09399204999994, 16.752051660000067 ], [ -93.094236819999935, 16.75107452000001 ], [ -93.115631509999957, 16.735121370000101 ] ] ] } },
{ "type": "Feature", "properties": { "colonia_final": "Santa Ana Valle Dorado" }, "geometry": { "type": "Polygon", "coordinates": [ [ [ -93.094662749999941, 16.738033820000062 ], [ -93.100121679999972, 16.738169540000065 ], [ -93.100107248999905, 16.738262863000102 ], [ -93.099944939999943, 16.738907370000053 ], [ -93.099874443, 16.739128868000051 ], [ -93.099849627, 16.739205547 ], [ -93.099774539999942, 16.739401110000074 ], [ -93.099667565999894, 16.739677471000089 ], [ -93.099634131999906, 16.739763844000013 ], [ -93.0995831, 16.739895675000099 ], [ -93.09955894999996, 16.739958060000049 ], [ -93.098486479999963, 16.740949150000056 ], [ -93.09557384, 16.740021036000012 ], [ -93.095458259999987, 16.739983510000073 ], [ -93.094329369999969, 16.738880910000034 ], [ -93.094406407, 16.738615131000099 ], [ -93.094501739999941, 16.738352980000069 ], [ -93.094662749999941, 16.738033820000062 ] ] ] } },
{ "type": "Feature", "properties": { "colonia_final": "Santa Cecilia" }, "geometry": { "type": "Polygon", "coordinates": [ [ [ -93.11511016999998, 16.74462951000001 ], [ -93.11599807999994, 16.744774280000073 ], [ -93.117448109999955, 16.7462018300001 ], [ -93.117217087, 16.747541498 ], [ -93.11719383, 16.747676359 ], [ -93.117182509999964, 16.747741980000061 ], [ -93.11710857, 16.74773034 ], [ -93.1165195949999, 16.747637511999983 ], [ -93.116456169999935, 16.747627510000022 ], [ -93.116373569999965, 16.747614450000068 ], [ -93.111305309999977, 16.746770940000033 ], [ -93.111326132, 16.746639189000106 ], [ -93.111382475, 16.74628269 ], [ -93.11141484999996, 16.746077890000048 ], [ -93.11511016999998, 16.74462951000001 ] ] ] } },
{ "type": "Feature", "properties": { "colonia_final": "Santa Clara" }, "geometry": { "type": "Polygon", "coordinates": [ [ [ -93.117432774999941, 16.773971480000061 ], [ -93.117436583999961, 16.773972960000016 ], [ -93.116903731999969, 16.776487871000029 ], [ -93.114725199999953, 16.775746830000084 ], [ -93.115237619999959, 16.774069750000045 ], [ -93.117432774999941, 16.773971480000061 ] ] ] } },
{ "type": "Feature", "properties": { "colonia_final": "Santa Clara Mirador" }, "geometry": { "type": "Polygon", "coordinates": [ [ [ -93.116089649999935, 16.772331480000044 ], [ -93.11653119999994, 16.772507780000069 ], [ -93.116616119999946, 16.772545280000024 ], [ -93.118473059999985, 16.773842600000052 ], [ -93.118304769999952, 16.774309550000066 ], [ -93.117073649999952, 16.774519290000061 ], [ -93.116238879999969, 16.774260880000043 ], [ -93.115296539999974, 16.773933430000049 ], [ -93.116089649999935, 16.772331480000044 ] ] ] } },
{ "type": "Feature", "properties": { "colonia_final": "Santa Cruz" }, "geometry": { "type": "Polygon", "coordinates": [ [ [ -93.103413749999959, 16.741863020000054 ], [ -93.107512909999969, 16.744214340000042 ], [ -93.108001619999982, 16.745873510000045 ], [ -93.110823229999937, 16.782082880000111 ], [ -93.110430169999972, 16.784077340000078 ], [ -93.11036825, 16.784385510000082 ], [ -93.11034445, 16.78450394 ], [ -93.110323705, 16.784604719000114 ], [ -93.109213445999899, 16.789538315000112 ], [ -93.109085109999967, 16.789903800000044 ], [ -93.108163149999939, 16.789824280000058 ], [ -93.107912573, 16.789801026000081 ], [ -93.107776599999966, 16.789788400000095 ], [ -93.106988, 16.789698690000012 ], [ -93.102082859999939, 16.748057910000078 ], [ -93.102721236, 16.74334148200008 ], [ -93.102740489999974, 16.743224180000038 ], [ -93.103205909999986, 16.742142910000016 ], [ -93.103413749999959, 16.741863020000054 ] ] ] } },
{ "type": "Feature", "properties": { "colonia_final": "Santa Elena" }, "geometry": { "type": "Polygon", "coordinates": [ [ [ -93.139518109999983, 16.750302250000058 ], [ -93.139591762999899, 16.750316072999976 ], [ -93.139956719999986, 16.750409260000055 ], [ -93.140066501, 16.750437295000026 ], [ -93.140172374999906, 16.750491712000102 ], [ -93.140708525, 16.750817942 ], [ -93.140805337, 16.750886944000122 ], [ -93.140903449999939, 16.750978120000081 ], [ -93.140986719999944, 16.751055630000071 ], [ -93.14114170900001, 16.751239613000099 ], [ -93.141267689999964, 16.751389180000068 ], [ -93.141276304, 16.751413754000119 ], [ -93.141362946, 16.751661029000015 ], [ -93.141499971, 16.752094715000108 ], [ -93.141733149999936, 16.753039050000034 ], [ -93.142032599999894, 16.754470723000107 ], [ -93.142111309999962, 16.75486618000004 ], [ -93.138278599999978, 16.754558180000107 ], [ -93.139220629999954, 16.751224690000068 ], [ -93.139443813999904, 16.750532614000104 ], [ -93.139518109999983, 16.750302250000058 ] ] ] } },
{ "type": "Feature", "properties": { "colonia_final": "Santa Isabel" }, "geometry": { "type": "Polygon", "coordinates": [ [ [ -93.17820125999998, 16.721615200000034 ], [ -93.178832279999938, 16.721787320000047 ], [ -93.178898169999968, 16.721812751000073 ], [ -93.178566964, 16.723298441000111 ], [ -93.178537137, 16.72343155 ], [ -93.178495879, 16.72360217000001 ], [ -93.178348097, 16.72419815200001 ], [ -93.178242562999969, 16.724551675000043 ], [ -93.175757841999939, 16.727112848000033 ], [ -93.175678347999963, 16.727113869000039 ], [ -93.174360864999983, 16.727011400000023 ], [ -93.173037652999909, 16.726853037000119 ], [ -93.173018365999951, 16.726848092000075 ], [ -93.173058380999976, 16.726770647000048 ], [ -93.174510336, 16.725293814000104 ], [ -93.17820125999998, 16.721615200000034 ] ] ] } },
{ "type": "Feature", "properties": { "colonia_final": "Santa María" }, "geometry": { "type": "Polygon", "coordinates": [ [ [ -93.183304539999938, 16.75414134000005 ], [ -93.184390199999939, 16.754790740000061 ], [ -93.184368182, 16.755094859999986 ], [ -93.184309199999973, 16.755576420000121 ], [ -93.183214679999935, 16.7554324000001 ], [ -93.183218187, 16.755381979999978 ], [ -93.183220983, 16.755341807000026 ], [ -93.183304539999938, 16.75414134000005 ] ] ] } },
{ "type": "Feature", "properties": { "colonia_final": "Santa María La Ribera" }, "geometry": { "type": "Polygon", "coordinates": [ [ [ -93.091619219999984, 16.737791380000058 ], [ -93.092585969999959, 16.738103 ], [ -93.093057394, 16.738273455000105 ], [ -93.095570079999959, 16.739363510000032 ], [ -93.095458259999987, 16.739983510000073 ], [ -93.09483924999995, 16.743032051000071 ], [ -93.093062023000016, 16.742559188000037 ], [ -93.09283967999994, 16.742498970000042 ], [ -93.090780059999986, 16.741861910000083 ], [ -93.090916579999941, 16.741081450000017 ], [ -93.091450659999964, 16.738269750000029 ], [ -93.091525395999895, 16.737924837 ], [ -93.091619219999984, 16.737791380000058 ] ] ] } },
{ "type": "Feature", "properties": { "colonia_final": "Santa Rosalía" }, "geometry": { "type": "Polygon", "coordinates": [ [ [ -93.10710690999997, 16.733373630000102 ], [ -93.107117119999899, 16.733379109999966 ], [ -93.107198664999899, 16.733464795000017 ], [ -93.107203629999958, 16.733490650000046 ], [ -93.107150919999981, 16.733606800000089 ], [ -93.10702403, 16.733683473 ], [ -93.106957769999951, 16.733723510000072 ], [ -93.106920535, 16.733730299000115 ], [ -93.10680991, 16.733750469 ], [ -93.106731199999956, 16.733764820000019 ], [ -93.106705459999944, 16.733536180000065 ], [ -93.10678834, 16.733467460000028 ], [ -93.10681945, 16.733441680000109 ], [ -93.106857799999901, 16.733422570000119 ], [ -93.106946489999984, 16.73337838 ], [ -93.107036657, 16.733375710000104 ], [ -93.10710690999997, 16.733373630000102 ] ] ] } },
{ "type": "Feature", "properties": { "colonia_final": "Santo Domingo" }, "geometry": { "type": "Polygon", "coordinates": [ [ [ -93.116998399999943, 16.753844110000056 ], [ -93.117980009999911, 16.753994591000104 ], [ -93.118359745, 16.754052812000126 ], [ -93.118404033, 16.754059835000088 ], [ -93.118476324, 16.754072219000019 ], [ -93.118648939999957, 16.754101800000054 ], [ -93.117914659999954, 16.758516320000084 ], [ -93.117846044, 16.758503186999974 ], [ -93.117774706, 16.758489531000112 ], [ -93.117717939, 16.758478664 ], [ -93.117673824999898, 16.758470219000113 ], [ -93.117496853, 16.758436339000102 ], [ -93.117219223, 16.758383185000103 ], [ -93.117042909999952, 16.758349420000069 ], [ -93.116232769999954, 16.758155510000051 ], [ -93.116998399999943, 16.753844110000056 ] ] ] } },
{ "type": "Feature", "properties": { "colonia_final": "Santos" }, "geometry": { "type": "Polygon", "coordinates": [ [ [ -93.098303739999963, 16.752873230000031 ], [ -93.09922794, 16.753646940000085 ], [ -93.099215259999937, 16.753728550000073 ], [ -93.099135449999949, 16.754146140000046 ], [ -93.097876969999959, 16.754374570000046 ], [ -93.097103229999959, 16.754322060000067 ], [ -93.096969229999971, 16.754309280000033 ], [ -93.096939539999937, 16.753826220000061 ], [ -93.096972519999952, 16.753381430000051 ], [ -93.097022199999969, 16.753300250000063 ], [ -93.097412799999972, 16.753115550000086 ], [ -93.098303739999963, 16.752873230000031 ] ] ] } },
{ "type": "Feature", "properties": { "colonia_final": "Satélite Loma Larga" }, "geometry": { "type": "Polygon", "coordinates": [ [ [ -93.05426491999998, 16.733563880000091 ], [ -93.055057419999969, 16.733698460000035 ], [ -93.056044194, 16.7341643 ], [ -93.060676095, 16.736510649 ], [ -93.060917825, 16.736634929000111 ], [ -93.06142902, 16.736897750000026 ], [ -93.061587932, 16.736979454 ], [ -93.061855377000015, 16.737116963000062 ], [ -93.062097577, 16.737263123999966 ], [ -93.062262909999959, 16.73736291000008 ], [ -93.06718696999998, 16.740796201000077 ], [ -93.067451478999942, 16.741171170000072 ], [ -93.062297168999976, 16.74748338000007 ], [ -93.05829708999994, 16.752067920000052 ], [ -93.057052329999976, 16.750838337000086 ], [ -93.056902739999941, 16.750674550000067 ], [ -93.052755599999955, 16.745877660000072 ], [ -93.045104859999981, 16.736815120000042 ], [ -93.048776179999919, 16.734377469999973 ], [ -93.048916374, 16.734292255000089 ], [ -93.049075328, 16.7342056150001 ], [ -93.049157737, 16.734165432000108 ], [ -93.04933294999995, 16.734086940000065 ], [ -93.049482659999967, 16.73402580000004 ], [ -93.049773438, 16.733929044 ], [ -93.050143488999893, 16.733847671999982 ], [ -93.050603689999946, 16.73376797000002 ], [ -93.050694209, 16.733761497000035 ], [ -93.051626458, 16.733696503999987 ], [ -93.052818259999981, 16.733634260000048 ], [ -93.053717639999903, 16.733590236000126 ], [ -93.05426491999998, 16.733563880000091 ] ] ] } },
{ "type": "Feature", "properties": { "colonia_final": "Señor De Tila" }, "geometry": { "type": "Polygon", "coordinates": [ [ [ -93.101901479999981, 16.785578480000041 ], [ -93.102292939999984, 16.785634290000075 ], [ -93.102347739999971, 16.785642220000067 ], [ -93.103305349999971, 16.786108020000047 ], [ -93.102846779999936, 16.787228710000026 ], [ -93.102511289999939, 16.78752892000006 ], [ -93.102432369999974, 16.787580710000015 ], [ -93.101933599999938, 16.78790255000008 ], [ -93.101764981, 16.787971397000025 ], [ -93.10154651900001, 16.788040183000074 ], [ -93.101485709999963, 16.788052710000017 ], [ -93.101714509999965, 16.786684180000076 ], [ -93.101901479999981, 16.785578480000041 ] ] ] } },
{ "type": "Feature", "properties": { "colonia_final": "Solidaridad Chiapaneca" }, "geometry": { "type": "Polygon", "coordinates": [ [ [ -93.161191509999981, 16.745356600000044 ], [ -93.162168509999958, 16.745412310000091 ], [ -93.162896, 16.745521370000063 ], [ -93.162882819999936, 16.745903050000052 ], [ -93.162418659999958, 16.746645020000049 ], [ -93.1619818, 16.746729520000063 ], [ -93.160857649999969, 16.746734380000085 ], [ -93.160436749999974, 16.745932830000083 ], [ -93.161191509999981, 16.745356600000044 ] ] ] } },
{ "type": "Feature", "properties": { "colonia_final": "Solidaridad La Curul" }, "geometry": { "type": "Polygon", "coordinates": [ [ [ -93.160183139999958, 16.742458280000054 ], [ -93.160854769999958, 16.742642630000056 ], [ -93.160876819999942, 16.742649750000041 ], [ -93.160932339999988, 16.74283512000008 ], [ -93.160757749999959, 16.744239970000041 ], [ -93.160748739999974, 16.744287350000047 ], [ -93.15998811999998, 16.745868400000077 ], [ -93.155522379999979, 16.74391592100006 ], [ -93.155377169999952, 16.742483381000046 ], [ -93.160183139999958, 16.742458280000054 ] ] ] } },
{ "type": "Feature", "properties": { "colonia_final": "Tashnú" }, "geometry": { "type": "Polygon", "coordinates": [ [ [ -93.183304539999938, 16.75414134000005 ], [ -93.183596005, 16.754173492000106 ], [ -93.183896691, 16.754207245999986 ], [ -93.184259361, 16.754258066000041 ], [ -93.184369849999939, 16.754273550000057 ], [ -93.184390016, 16.754378083000113 ], [ -93.184407019999981, 16.754466250000075 ], [ -93.184410889999981, 16.754507480000051 ], [ -93.184390199999939, 16.754790740000061 ], [ -93.183304539999938, 16.75414134000005 ] ] ] } },
{ "type": "Feature", "properties": { "colonia_final": "Terán" }, "geometry": { "type": "Polygon", "coordinates": [ [ [ -93.166304459999935, 16.744757850000049 ], [ -93.168285538999953, 16.74483002000008 ], [ -93.168978248999963, 16.745007030000075 ], [ -93.16914044899994, 16.745220381000046 ], [ -93.171971179999957, 16.750109450000039 ], [ -93.172178199999962, 16.750787620000082 ], [ -93.172209689999988, 16.750965120000046 ], [ -93.172088109999947, 16.752646780000084 ], [ -93.170079969999961, 16.758754080000077 ], [ -93.16103456999997, 16.756753880000076 ], [ -93.15968657999997, 16.756450380000061 ], [ -93.159628418999944, 16.756427831000067 ], [ -93.154588969999963, 16.750458780000042 ], [ -93.156386399999974, 16.746454380000056 ], [ -93.157389749999936, 16.745045260000062 ], [ -93.15895353999997, 16.744943910000117 ], [ -93.166304459999935, 16.744757850000049 ] ] ] } },
{ "type": "Feature", "properties": { "colonia_final": "Tres Marías" }, "geometry": { "type": "Polygon", "coordinates": [ [ [ -93.174136919999967, 16.769650320000032 ], [ -93.172803780999971, 16.770563487000032 ], [ -93.172894874, 16.770409551000082 ], [ -93.172927074, 16.770355137000013 ], [ -93.173274029999959, 16.769828250000064 ], [ -93.173294917, 16.769815322000095 ], [ -93.173328119, 16.769794772000097 ], [ -93.17338276, 16.76976095400002 ], [ -93.174136919999967, 16.769650320000032 ] ] ] } },
{ "type": "Feature", "properties": { "colonia_final": "Tres Marías Y Los Arroyos" }, "geometry": { "type": "Polygon", "coordinates": [ [ [ -93.172096964, 16.767515311000075 ], [ -93.17365805999998, 16.768767830000058 ], [ -93.174111466999989, 16.769617293000049 ], [ -93.172966785999961, 16.771047971000051 ], [ -93.170396287999949, 16.767676886000086 ], [ -93.172096964, 16.767515311000075 ] ] ] } },
{ "type": "Feature", "properties": { "colonia_final": "Tulipanes" }, "geometry": { "type": "Polygon", "coordinates": [ [ [ -93.167747684999895, 16.743450954000011 ], [ -93.167876738999951, 16.743461831000015 ], [ -93.16724770899998, 16.744744080000043 ], [ -93.166870199999948, 16.745062111000035 ], [ -93.166623305, 16.744788288000088 ], [ -93.166554372999897, 16.744711837000089 ], [ -93.166507369999977, 16.744564290000053 ], [ -93.167747684999895, 16.743450954000011 ] ] ] } },
{ "type": "Feature", "properties": { "colonia_final": "Tuxtla Chico" }, "geometry": { "type": "Polygon", "coordinates": [ [ [ -93.09534906, 16.787823150000087 ], [ -93.095666249999965, 16.787826 ], [ -93.098821179999959, 16.788166740000051 ], [ -93.098993659999962, 16.788191080000093 ], [ -93.099200139999937, 16.788231280000055 ], [ -93.09916850999997, 16.788552370000065 ], [ -93.099127649999957, 16.788656260000057 ], [ -93.099042089999955, 16.788693480000063 ], [ -93.09877198, 16.788666689000024 ], [ -93.098127249999905, 16.788602738000105 ], [ -93.097974568, 16.788587586000105 ], [ -93.095118449999973, 16.78829460000005 ], [ -93.095194901999903, 16.788063540000095 ], [ -93.09534906, 16.787823150000087 ] ] ] } },
{ "type": "Feature", "properties": { "colonia_final": "Tuxtla Nuevo" }, "geometry": { "type": "Polygon", "coordinates": [ [ [ -93.118836449999947, 16.770119600000069 ], [ -93.120198889999983, 16.77317655000008 ], [ -93.11917912, 16.77300709 ], [ -93.118591199999969, 16.772836880000067 ], [ -93.116768179999951, 16.772058320000028 ], [ -93.116400349999935, 16.77188966000006 ], [ -93.117108599999938, 16.770213 ], [ -93.118836449999947, 16.770119600000069 ] ] ] } },
{ "type": "Feature", "properties": { "colonia_final": "Tzocotumbak" }, "geometry": { "type": "Polygon", "coordinates": [ [ [ -93.10206845, 16.748128860000072 ], [ -93.107409749999988, 16.748974540000052 ], [ -93.106984799, 16.75116589400001 ], [ -93.106807819999972, 16.752064020000017 ], [ -93.106739279999942, 16.752145400000074 ], [ -93.106732536, 16.752149219 ], [ -93.092000279999979, 16.754526800000058 ], [ -93.09164119999997, 16.75452814000008 ], [ -93.09106584999995, 16.754505780000059 ], [ -93.090920429999983, 16.754141820000019 ], [ -93.091105649999975, 16.753567710000034 ], [ -93.10206845, 16.748128860000072 ] ] ] } },
{ "type": "Feature", "properties": { "colonia_final": "Unidad Chiapaneca" }, "geometry": { "type": "Polygon", "coordinates": [ [ [ -93.08778037999997, 16.760484750000046 ], [ -93.087061349999942, 16.763525660000017 ], [ -93.085765199999969, 16.765443540000042 ], [ -93.084451569999942, 16.767148430000098 ], [ -93.084306969999943, 16.767115680000085 ], [ -93.082379289999949, 16.76340866000006 ], [ -93.082385139999985, 16.763343461000058 ], [ -93.082403648999957, 16.763137691000082 ], [ -93.082989228999963, 16.762701980000042 ], [ -93.086424339999951, 16.761005020000034 ], [ -93.08778037999997, 16.760484750000046 ] ] ] } },
{ "type": "Feature", "properties": { "colonia_final": "Valle Dorado" }, "geometry": { "type": "Polygon", "coordinates": [ [ [ -93.131766038999956, 16.775403851 ], [ -93.131922663999944, 16.775439506000062 ], [ -93.134949585999948, 16.77792835400005 ], [ -93.134865183999977, 16.779607351000042 ], [ -93.13481262199997, 16.779807067000043 ], [ -93.134781854999972, 16.779853075000084 ], [ -93.134470042999965, 16.780222963000043 ], [ -93.134239592999961, 16.780044039000114 ], [ -93.133540472999982, 16.779231741000032 ], [ -93.131288123, 16.776515976000081 ], [ -93.131567135999944, 16.775685323000072 ], [ -93.131631306999964, 16.775576178000048 ], [ -93.131766038999956, 16.775403851 ] ] ] } },
{ "type": "Feature", "properties": { "colonia_final": "Vida Mejor" }, "geometry": { "type": "Polygon", "coordinates": [ [ [ -93.059547019999968, 16.750624350000113 ], [ -93.061319709999964, 16.752555970000056 ], [ -93.061366819999989, 16.752734880000059 ], [ -93.063065523999967, 16.759609526000101 ], [ -93.06151902, 16.759767400000065 ], [ -93.061306659999957, 16.759764140000083 ], [ -93.059819843, 16.757479951999983 ], [ -93.057883375, 16.754114662000131 ], [ -93.05720034999996, 16.752926200000079 ], [ -93.059289199999967, 16.750856080000048 ], [ -93.059547019999968, 16.750624350000113 ] ] ] } },
{ "type": "Feature", "properties": { "colonia_final": "Villa Blanca" }, "geometry": { "type": "Polygon", "coordinates": [ [ [ -93.179452048999977, 16.758406571000055 ], [ -93.18087926, 16.758708860000088 ], [ -93.183244450000018, 16.75921623 ], [ -93.18342236999996, 16.759254400000025 ], [ -93.183307538999941, 16.759719400000069 ], [ -93.183266918999948, 16.759822221000057 ], [ -93.181411659, 16.759419231000056 ], [ -93.180279649999989, 16.759041371000059 ], [ -93.179452048999977, 16.758406571000055 ] ] ] } },
{ "type": "Feature", "properties": { "colonia_final": "Villa De San Marcos" }, "geometry": { "type": "Polygon", "coordinates": [ [ [ -93.102836799999977, 16.76603362000003 ], [ -93.103929509999944, 16.767323950000065 ], [ -93.103924179999979, 16.767899250000035 ], [ -93.1036418, 16.768492850000033 ], [ -93.101194919999955, 16.767589180000066 ], [ -93.101186449999943, 16.767373580000051 ], [ -93.101253109999959, 16.767079400000046 ], [ -93.101283179999939, 16.766998020000056 ], [ -93.10137638, 16.766841580000122 ], [ -93.101590749999957, 16.76662318000005 ], [ -93.101670179999985, 16.766558860000021 ], [ -93.101847659999976, 16.766455540000056 ], [ -93.102080969999975, 16.766340170000039 ], [ -93.102836799999977, 16.76603362000003 ] ] ] } },
{ "type": "Feature", "properties": { "colonia_final": "Villa Misol-Ha" }, "geometry": { "type": "Polygon", "coordinates": [ [ [ -93.18454128999997, 16.760121370000018 ], [ -93.183922399999972, 16.761878170000056 ], [ -93.183462807999916, 16.761775286000127 ], [ -93.183288762, 16.761736323999976 ], [ -93.183063193999899, 16.761685824 ], [ -93.18299836999995, 16.761671250000084 ], [ -93.183090769999978, 16.761265200000015 ], [ -93.183159349999983, 16.760965380000091 ], [ -93.18323932700001, 16.760620903000117 ], [ -93.183261619999939, 16.760562750000087 ], [ -93.18454128999997, 16.760121370000018 ] ] ] } },
{ "type": "Feature", "properties": { "colonia_final": "Villa Naranjos" }, "geometry": { "type": "Polygon", "coordinates": [ [ [ -93.189621324999962, 16.760576595000082 ], [ -93.189716895999936, 16.760999777000094 ], [ -93.189418824999962, 16.761079730000084 ], [ -93.18931675999994, 16.760657300000041 ], [ -93.189621324999962, 16.760576595000082 ] ] ] } },
{ "type": "Feature", "properties": { "colonia_final": "Villa Tziscao" }, "geometry": { "type": "Polygon", "coordinates": [ [ [ -93.14887441999997, 16.76428385000002 ], [ -93.149108220999906, 16.764349265000096 ], [ -93.149600532, 16.764487009000099 ], [ -93.149722873, 16.764521239 ], [ -93.149846369999977, 16.764573920000057 ], [ -93.14973090999996, 16.765333780000056 ], [ -93.149559349999947, 16.766375110000073 ], [ -93.14942173999998, 16.767207860000028 ], [ -93.149110757, 16.767669067000099 ], [ -93.149009948999947, 16.767666550000058 ], [ -93.148614969999983, 16.767011541000056 ], [ -93.148589379999976, 16.766226740000061 ], [ -93.14887441999997, 16.76428385000002 ] ] ] } },
{ "type": "Feature", "properties": { "colonia_final": "Villarreal" }, "geometry": { "type": "Polygon", "coordinates": [ [ [ -93.130021519999957, 16.777512081000062 ], [ -93.132132239999976, 16.779086480000064 ], [ -93.132569020999938, 16.780605018000106 ], [ -93.129578614999957, 16.77937121 ], [ -93.129419561, 16.779265137999978 ], [ -93.12918969499998, 16.779111841000031 ], [ -93.130021519999957, 16.777512081000062 ] ] ] } },
{ "type": "Feature", "properties": { "colonia_final": "Villas De Catazajá" }, "geometry": { "type": "Polygon", "coordinates": [ [ [ -93.160459108999987, 16.757847880000085 ], [ -93.160528963, 16.757852311 ], [ -93.161261399999944, 16.758032650000104 ], [ -93.160459108999987, 16.757847880000085 ] ] ] } },
{ "type": "Feature", "properties": { "colonia_final": "Villas Del Carmen" }, "geometry": { "type": "Polygon", "coordinates": [ [ [ -93.213867722999964, 16.708779034000052 ], [ -93.215087289999985, 16.709588800000066 ], [ -93.213410778999958, 16.711223351000072 ], [ -93.21225190499996, 16.712278902000051 ], [ -93.212173176999954, 16.712345999 ], [ -93.207743127999947, 16.715409637000057 ], [ -93.207698938999954, 16.715350047000083 ], [ -93.213867722999964, 16.708779034000052 ] ] ] } },
{ "type": "Feature", "properties": { "colonia_final": "Villas Del Pedregal" }, "geometry": { "type": "Polygon", "coordinates": [ [ [ -93.111698831999945, 16.730565381000027 ], [ -93.111816351, 16.730569741000092 ], [ -93.111884970999938, 16.730572287000047 ], [ -93.111732465, 16.730566629000133 ], [ -93.111698831999945, 16.730565381000027 ] ] ] } },
{ "type": "Feature", "properties": { "colonia_final": "Villas Del Rey" }, "geometry": { "type": "Polygon", "coordinates": [ [ [ -93.169089, 16.746227050000055 ], [ -93.169092908999971, 16.746322741000036 ], [ -93.16890927999998, 16.747229380000011 ], [ -93.168817485, 16.747187733 ], [ -93.168548227, 16.74706555700001 ], [ -93.168376708999972, 16.746987721000043 ], [ -93.168297659999951, 16.746881741000053 ], [ -93.16847, 16.74623237 ], [ -93.169066495, 16.746227237 ], [ -93.169089, 16.746227050000055 ] ] ] } },
{ "type": "Feature", "properties": { "colonia_final": "Villas Del Río" }, "geometry": { "type": "Polygon", "coordinates": [ [ [ -93.155245169999944, 16.755906420000041 ], [ -93.155435919999903, 16.755917029000098 ], [ -93.155760249999901, 16.755935080000032 ], [ -93.156483518999906, 16.755975351000082 ], [ -93.156797539999957, 16.756017880000062 ], [ -93.157298652999899, 16.756121985000114 ], [ -93.160622578999948, 16.756863680000055 ], [ -93.160707339999988, 16.756888550000056 ], [ -93.160542458999942, 16.757669541000055 ], [ -93.160459108999987, 16.757847880000085 ], [ -93.158853029999989, 16.759958910000034 ], [ -93.156167719999985, 16.759969920000067 ], [ -93.155569019999973, 16.75965558000005 ], [ -93.154612419999978, 16.757704770000014 ], [ -93.155245169999944, 16.755906420000041 ] ] ] } },
{ "type": "Feature", "properties": { "colonia_final": "Villas Ensueño" }, "geometry": { "type": "Polygon", "coordinates": [ [ [ -93.082938179999985, 16.739960520000061 ], [ -93.083120289999954, 16.740071850000035 ], [ -93.083183579999968, 16.740229740000085 ], [ -93.083198449999941, 16.740458980000039 ], [ -93.08319494999995, 16.740513020000027 ], [ -93.083169769999984, 16.740769320000066 ], [ -93.08315945, 16.740768120000013 ], [ -93.083042449999894, 16.740754460000108 ], [ -93.082793679999952, 16.740725400000013 ], [ -93.08275689, 16.740089140000055 ], [ -93.082938179999985, 16.739960520000061 ] ] ] } },
{ "type": "Feature", "properties": { "colonia_final": "Villas Iguazú" }, "geometry": { "type": "Polygon", "coordinates": [ [ [ -93.097767379999937, 16.754844600000101 ], [ -93.097714479999979, 16.75510322000002 ], [ -93.097520319999902, 16.755103420000104 ], [ -93.097501429999966, 16.755103430000045 ], [ -93.097501489999956, 16.75504135000002 ], [ -93.097767379999937, 16.754844600000101 ] ] ] } },
{ "type": "Feature", "properties": { "colonia_final": "Villas La Salle" }, "geometry": { "type": "Polygon", "coordinates": [ [ [ -93.08547889, 16.747544430000051 ], [ -93.085534049999978, 16.747554690000069 ], [ -93.085628539999959, 16.747716630000099 ], [ -93.085506259999988, 16.747693620000092 ], [ -93.085451109999951, 16.747683230000089 ], [ -93.0854571509999, 16.747653019000118 ], [ -93.085472851, 16.747574574000016 ], [ -93.08547889, 16.747544430000051 ] ] ] } },
{ "type": "Feature", "properties": { "colonia_final": "Villas Montes Azules" }, "geometry": { "type": "Polygon", "coordinates": [ [ [ -93.147061939999958, 16.749281050000011 ], [ -93.147422179999978, 16.749468550000053 ], [ -93.14710003, 16.752585680000063 ], [ -93.146529259999966, 16.755107350000074 ], [ -93.1468186379999, 16.751387773000015 ], [ -93.14684052, 16.75116114 ], [ -93.1469236, 16.750300859999982 ], [ -93.14700507, 16.749457300000081 ], [ -93.147061939999958, 16.749281050000011 ] ] ] } },
{ "type": "Feature", "properties": { "colonia_final": "Vista Hermosa" }, "geometry": { "type": "Polygon", "coordinates": [ [ [ -93.127385459999971, 16.740704370000064 ], [ -93.127466629999958, 16.74072222000008 ], [ -93.129197749999946, 16.741385750000049 ], [ -93.124754419999988, 16.763166140000077 ], [ -93.123890579999966, 16.766444820000054 ], [ -93.121847399999979, 16.767305180000058 ], [ -93.120315079999955, 16.766485820000064 ], [ -93.120441709999966, 16.765477310000058 ], [ -93.120549749, 16.764715391000095 ], [ -93.120569599999953, 16.764586020000035 ], [ -93.125126279999961, 16.740792080000062 ], [ -93.127385459999971, 16.740704370000064 ] ] ] } },
{ "type": "Feature", "properties": { "colonia_final": "Xamaipak" }, "geometry": { "type": "Polygon", "coordinates": [ [ [ -93.134229268999903, 16.749621298 ], [ -93.134423889999937, 16.749631260000076 ], [ -93.133223689999966, 16.75419052000008 ], [ -93.130886049999958, 16.754208290000076 ], [ -93.13082558, 16.753852177000081 ], [ -93.130762255, 16.753417199000115 ], [ -93.130788829999972, 16.753070080000033 ], [ -93.131053849999944, 16.752339940000088 ], [ -93.131537629999983, 16.751025890000065 ], [ -93.13168153, 16.750645329000101 ], [ -93.131737226000013, 16.750503187 ], [ -93.131807739999942, 16.750323230000024 ], [ -93.132032059999972, 16.749750780000063 ], [ -93.132325619999961, 16.749726650000067 ], [ -93.132430187999901, 16.749718093000091 ], [ -93.134178898999906, 16.749623081 ], [ -93.134229268999903, 16.749621298 ] ] ] } },
{ "type": "Feature", "properties": { "colonia_final": "Xamaipak Popular" }, "geometry": { "type": "Polygon", "coordinates": [ [ [ -93.129978819999977, 16.744599710000067 ], [ -93.131738709999979, 16.74490737000005 ], [ -93.135006369999985, 16.747404220000028 ], [ -93.135001939999896, 16.747508490000012 ], [ -93.134980089999914, 16.747592049999977 ], [ -93.13490477, 16.74788005 ], [ -93.134827445, 16.748175649000114 ], [ -93.13481137, 16.748237090000021 ], [ -93.134791116, 16.748314201000031 ], [ -93.13477431, 16.748373430000115 ], [ -93.134606339999905, 16.748965199999986 ], [ -93.134507829999905, 16.749312250000102 ], [ -93.13444839999994, 16.749521600000062 ], [ -93.128931289999969, 16.749858230000026 ], [ -93.12892465, 16.749702710000083 ], [ -93.128901104, 16.749150937 ], [ -93.128896399999974, 16.749040620000084 ], [ -93.128875367, 16.748479914 ], [ -93.12887355, 16.748420636000073 ], [ -93.12887835, 16.748246812000016 ], [ -93.128881698, 16.748125805000029 ], [ -93.12888307999998, 16.748075910000118 ], [ -93.128895199999988, 16.747968940000064 ], [ -93.129010939999944, 16.747099880000082 ], [ -93.129978819999977, 16.744599710000067 ] ] ] } },
{ "type": "Feature", "properties": { "colonia_final": "Zavaleta" }, "geometry": { "type": "Polygon", "coordinates": [ [ [ -93.167081259999975, 16.75455685000005 ], [ -93.167528429999948, 16.754562720000045 ], [ -93.167586527, 16.754563496000124 ], [ -93.167848699, 16.754568113000119 ], [ -93.167917059999979, 16.754570460000046 ], [ -93.167949415, 16.755642826999985 ], [ -93.167953969999985, 16.755883520000069 ], [ -93.167471939999984, 16.755831400000041 ], [ -93.167340095, 16.75581712000011 ], [ -93.167070319999937, 16.755787890000029 ], [ -93.167080562, 16.754635250000021 ], [ -93.167081259999975, 16.75455685000005 ] ] ] } }
]
}
